Label (Grouping),Alabama!!Owner-occupied housing units with a mortgage!!Estimate,Alabama!!Percent owner-occupied housing units with a mortgage!!Estimate,Alaska!!Owner-occupied housing units with a mortgage!!Estimate,Alaska!!Percent owner-occupied housing units with a mortgage!!Estimate,Arizona!!Owner-occupied housing units with a mortgage!!Estimate,Arizona!!Percent owner-occupied housing units with a mortgage!!Estimate,Arkansas!!Owner-occupied housing units with a mortgage!!Estimate,Arkansas!!Percent owner-occupied housing units with a mortgage!!Estimate,California!!Owner-occupied housing units with a mortgage!!Estimate,California!!Percent owner-occupied housing units with a mortgage!!Estimate,Colorado!!Owner-occupied housing units with a mortgage!!Estimate,Colorado!!Percent owner-occupied housing units with a mortgage!!Estimate,Connecticut!!Owner-occupied housing units with a mortgage!!Estimate,Connecticut!!Percent owner-occupied housing units with a mortgage!!Estimate,Delaware!!Owner-occupied housing units with a mortgage!!Estimate,Delaware!!Percent owner-occupied housing units with a mortgage!!Estimate,District of Columbia!!Owner-occupied housing units with a mortgage!!Estimate,District of Columbia!!Percent owner-occupied housing units with a mortgage!!Estimate,Florida!!Owner-occupied housing units with a mortgage!!Estimate,Florida!!Percent owner-occupied housing units with a mortgage!!Estimate,Georgia!!Owner-occupied housing units with a mortgage!!Estimate,Georgia!!Percent owner-occupied housing units with a mortgage!!Estimate,Hawaii!!Owner-occupied housing units with a mortgage!!Estimate,Hawaii!!Percent owner-occupied housing units with a mortgage!!Estimate,Idaho!!Owner-occupied housing units with a mortgage!!Estimate,Idaho!!Percent owner-occupied housing units with a mortgage!!Estimate,Illinois!!Owner-occupied housing units with a mortgage!!Estimate,Illinois!!Percent owner-occupied housing units with a mortgage!!Estimate,Indiana!!Owner-occupied housing units with a mortgage!!Estimate,Indiana!!Percent owner-occupied housing units with a mortgage!!Estimate,Iowa!!Owner-occupied housing units with a mortgage!!Estimate,Iowa!!Percent owner-occupied housing units with a mortgage!!Estimate,Kansas!!Owner-occupied housing units with a mortgage!!Estimate,Kansas!!Percent owner-occupied housing units with a mortgage!!Estimate,Kentucky!!Owner-occupied housing units with a mortgage!!Estimate,Kentucky!!Percent owner-occupied housing units with a mortgage!!Estimate,Louisiana!!Owner-occupied housing units with a mortgage!!Estimate,Louisiana!!Percent owner-occupied housing units with a mortgage!!Estimate,Maine!!Owner-occupied housing units with a mortgage!!Estimate,Maine!!Percent owner-occupied housing units with a mortgage!!Estimate,Maryland!!Owner-occupied housing units with a mortgage!!Estimate,Maryland!!Percent owner-occupied housing units with a mortgage!!Estimate,Massachusetts!!Owner-occupied housing units with a mortgage!!Estimate,Massachusetts!!Percent owner-occupied housing units with a mortgage!!Estimate,Michigan!!Owner-occupied housing units with a mortgage!!Estimate,Michigan!!Percent owner-occupied housing units with a mortgage!!Estimate,Minnesota!!Owner-occupied housing units with a mortgage!!Estimate,Minnesota!!Percent owner-occupied housing units with a mortgage!!Estimate,Mississippi!!Owner-occupied housing units with a mortgage!!Estimate,Mississippi!!Percent owner-occupied housing units with a mortgage!!Estimate,Missouri!!Owner-occupied housing units with a mortgage!!Estimate,Missouri!!Percent owner-occupied housing units with a mortgage!!Estimate,Montana!!Owner-occupied housing units with a mortgage!!Estimate,Montana!!Percent owner-occupied housing units with a mortgage!!Estimate,Nebraska!!Owner-occupied housing units with a mortgage!!Estimate,Nebraska!!Percent owner-occupied housing units with a mortgage!!Estimate,Nevada!!Owner-occupied housing units with a mortgage!!Estimate,Nevada!!Percent owner-occupied housing units with a mortgage!!Estimate,New Hampshire!!Owner-occupied housing units with a mortgage!!Estimate,New Hampshire!!Percent owner-occupied housing units with a mortgage!!Estimate,New Jersey!!Owner-occupied housing units with a mortgage!!Estimate,New Jersey!!Percent owner-occupied housing units with a mortgage!!Estimate,New Mexico!!Owner-occupied housing units with a mortgage!!Estimate,New Mexico!!Percent owner-occupied housing units with a mortgage!!Estimate,New York!!Owner-occupied housing units with a mortgage!!Estimate,New York!!Percent owner-occupied housing units with a mortgage!!Estimate,North Carolina!!Owner-occupied housing units with a mortgage!!Estimate,North Carolina!!Percent owner-occupied housing units with a mortgage!!Estimate,North Dakota!!Owner-occupied housing units with a mortgage!!Estimate,North Dakota!!Percent owner-occupied housing units with a mortgage!!Estimate,Ohio!!Owner-occupied housing units with a mortgage!!Estimate,Ohio!!Percent owner-occupied housing units with a mortgage!!Estimate,Oklahoma!!Owner-occupied housing units with a mortgage!!Estimate,Oklahoma!!Percent owner-occupied housing units with a mortgage!!Estimate,Oregon!!Owner-occupied housing units with a mortgage!!Estimate,Oregon!!Percent owner-occupied housing units with a mortgage!!Estimate,Pennsylvania!!Owner-occupied housing units with a mortgage!!Estimate,Pennsylvania!!Percent owner-occupied housing units with a mortgage!!Estimate,Rhode Island!!Owner-occupied housing units with a mortgage!!Estimate,Rhode Island!!Percent owner-occupied housing units with a mortgage!!Estimate,South Carolina!!Owner-occupied housing units with a mortgage!!Estimate,South Carolina!!Percent owner-occupied housing units with a mortgage!!Estimate,South Dakota!!Owner-occupied housing units with a mortgage!!Estimate,South Dakota!!Percent owner-occupied housing units with a mortgage!!Estimate,Tennessee!!Owner-occupied housing units with a mortgage!!Estimate,Tennessee!!Percent owner-occupied housing units with a mortgage!!Estimate,Texas!!Owner-occupied housing units with a mortgage!!Estimate,Texas!!Percent owner-occupied housing units with a mortgage!!Estimate,Utah!!Owner-occupied housing units with a mortgage!!Estimate,Utah!!Percent owner-occupied housing units with a mortgage!!Estimate,Vermont!!Owner-occupied housing units with a mortgage!!Estimate,Vermont!!Percent owner-occupied housing units with a mortgage!!Estimate,Virginia!!Owner-occupied housing units with a mortgage!!Estimate,Virginia!!Percent owner-occupied housing units with a mortgage!!Estimate,Washington!!Owner-occupied housing units with a mortgage!!Estimate,Washington!!Percent owner-occupied housing units with a mortgage!!Estimate,West Virginia!!Owner-occupied housing units with a mortgage!!Estimate,West Virginia!!Percent owner-occupied housing units with a mortgage!!Estimate,Wisconsin!!Owner-occupied housing units with a mortgage!!Estimate,Wisconsin!!Percent owner-occupied housing units with a mortgage!!Estimate,Wyoming!!Owner-occupied housing units with a mortgage!!Estimate,Wyoming!!Percent owner-occupied housing units with a mortgage!!Estimate,Puerto Rico!!Owner-occupied housing units with a mortgage!!Estimate,Puerto Rico!!Percent owner-occupied housing units with a mortgage!!Estimate
Owner-occupied housing units with a mortgage,"773,346","773,346","110,440","110,440","1,189,431","1,189,431","427,028","427,028","5,076,532","5,076,532","1,093,793","1,093,793","613,144","613,144","188,136","188,136","99,094","99,094","3,340,147","3,340,147","1,716,193","1,716,193","194,384","194,384","325,585","325,585","2,076,167","2,076,167","1,224,947","1,224,947","569,841","569,841","457,161","457,161","713,064","713,064","634,635","634,635","263,969","263,969","1,144,228","1,144,228","1,140,776","1,140,776","1,732,766","1,732,766","1,077,331","1,077,331","400,757","400,757","1,025,532","1,025,532","173,218","173,218","314,939","314,939","477,464","477,464","246,601","246,601","1,439,808","1,439,808","322,308","322,308","2,450,786","2,450,786","1,780,136","1,780,136","115,720","115,720","1,986,293","1,986,293","553,189","553,189","706,584","706,584","2,125,767","2,125,767","186,491","186,491","886,903","886,903","138,389","138,389","1,100,176","1,100,176","3,884,497","3,884,497","550,963","550,963","125,477","125,477","1,523,575","1,523,575","1,299,364","1,299,364","259,892","259,892","1,036,422","1,036,422","101,109","101,109","318,187","318,187"
    VALUE,,,,,,,,,,,,,,,,,,,,,,,,,,,,,,,,,,,,,,,,,,,,,,,,,,,,,,,,,,,,,,,,,,,,,,,,,,,,,,,,,,,,,,,,,,,,,,,,,,,,,,,,
"        Less than $50,000","32,992",4.30%,"2,071",1.90%,"28,652",2.40%,"18,189",4.30%,"70,874",1.40%,"15,843",1.40%,"10,956",1.80%,"5,322",2.80%,776,0.80%,"81,485",2.40%,"52,469",3.10%,"3,612",1.90%,"7,453",2.30%,"69,166",3.30%,"41,536",3.40%,"21,786",3.80%,"18,969",4.10%,"29,037",4.10%,"26,021",4.10%,"6,920",2.60%,"29,257",2.60%,"21,079",1.80%,"69,345",4.00%,"23,830",2.20%,"22,469",5.60%,"38,429",3.70%,"3,297",1.90%,"9,334",3.00%,"8,990",1.90%,"5,433",2.20%,"26,523",1.80%,"11,468",3.60%,"58,050",2.40%,"45,841",2.60%,"3,936",3.40%,"67,028",3.40%,"21,359",3.90%,"10,050",1.40%,"62,031",2.90%,"4,353",2.30%,"29,624",3.30%,"4,205",3.00%,"29,685",2.70%,"110,664",2.80%,"8,983",1.60%,"3,398",2.70%,"32,199",2.10%,"18,772",1.40%,"14,007",5.40%,"23,805",2.30%,"3,407",3.40%,"6,289",2.00%
"        $50,000 to $99,999","68,726",8.90%,"1,388",1.30%,"16,509",1.40%,"48,502",11.40%,"46,663",0.90%,"11,608",1.10%,"6,384",1.00%,"2,532",1.30%,422,0.40%,"67,620",2.00%,"74,266",4.30%,"2,449",1.30%,"5,626",1.70%,"161,515",7.80%,"114,975",9.40%,"59,997",10.50%,"48,865",10.70%,"62,122",8.70%,"43,852",6.90%,"12,724",4.80%,"16,173",1.40%,"9,449",0.80%,"127,266",7.30%,"31,656",2.90%,"58,065",14.50%,"77,562",7.60%,"3,597",2.10%,"20,226",6.40%,"3,032",0.60%,"3,047",1.20%,"20,512",1.40%,"17,101",5.30%,"116,257",4.70%,"82,162",4.60%,"6,697",5.80%,"176,170",8.90%,"51,075",9.20%,"7,165",1.00%,"143,982",6.80%,902,0.50%,"48,724",5.50%,"7,922",5.70%,"52,873",4.80%,"154,606",4.00%,"5,632",1.00%,"3,979",3.20%,"36,481",2.40%,"12,022",0.90%,"37,193",14.30%,"49,695",4.80%,"1,834",1.80%,"52,955",16.60%
"        $100,000 to $299,999","404,306",52.30%,"33,203",30.10%,"225,536",19.00%,"242,819",56.90%,"272,656",5.40%,"103,317",9.40%,"214,876",35.00%,"63,997",34.00%,"5,695",5.70%,"930,242",27.90%,"638,802",37.20%,"8,234",4.20%,"54,885",16.90%,"967,970",46.60%,"698,055",57.00%,"321,525",56.40%,"226,733",49.60%,"405,094",56.80%,"355,529",56.00%,"108,419",41.10%,"264,865",23.10%,"138,402",12.10%,"909,939",52.50%,"410,899",38.10%,"219,078",54.70%,"560,194",54.60%,"47,557",27.50%,"169,973",54.00%,"62,886",13.20%,"58,002",23.50%,"293,057",20.40%,"154,109",47.80%,"700,275",28.60%,"731,295",41.10%,"56,413",48.70%,"1,108,667",55.80%,"322,304",58.30%,"80,690",11.40%,"1,016,837",47.80%,"38,588",20.70%,"389,696",43.90%,"67,450",48.70%,"437,970",39.80%,"1,554,218",40.00%,"49,718",9.00%,"52,275",41.70%,"443,624",29.10%,"115,224",8.90%,"149,478",57.50%,"538,220",51.90%,"41,709",41.30%,"227,633",71.50%
"        $300,000 to $499,999","184,159",23.80%,"53,287",48.20%,"474,599",39.90%,"84,067",19.70%,"892,861",17.60%,"345,659",31.60%,"219,153",35.70%,"79,408",42.20%,"20,955",21.10%,"1,314,575",39.40%,"586,221",34.20%,"26,888",13.80%,"129,278",39.70%,"574,730",27.70%,"272,482",22.20%,"122,595",21.50%,"112,586",24.60%,"155,683",21.80%,"149,861",23.60%,"85,918",32.50%,"435,236",38.00%,"336,564",29.50%,"436,848",25.20%,"403,878",37.50%,"75,053",18.70%,"243,811",23.80%,"59,561",34.40%,"88,242",28.00%,"226,819",47.50%,"105,096",42.60%,"510,960",35.50%,"99,188",30.80%,"520,576",21.20%,"546,472",30.70%,"36,814",31.80%,"456,539",23.00%,"112,010",20.20%,"267,080",37.80%,"575,927",27.10%,"91,880",49.30%,"260,455",29.40%,"39,480",28.50%,"342,326",31.10%,"1,212,621",31.20%,"202,630",36.80%,"40,919",32.60%,"477,887",31.40%,"352,335",27.10%,"44,549",17.10%,"300,359",29.00%,"34,126",33.80%,"20,024",6.30%
"        $500,000 to $749,999","56,363",7.30%,"14,740",13.30%,"277,074",23.30%,"20,429",4.80%,"1,318,659",26.00%,"353,073",32.30%,"93,733",15.30%,"27,783",14.80%,"26,260",26.50%,"577,256",17.30%,"235,841",13.70%,"38,164",19.60%,"79,813",24.50%,"189,603",9.10%,"70,659",5.80%,"32,056",5.60%,"35,093",7.70%,"42,121",5.90%,"37,272",5.90%,"32,063",12.10%,"257,142",22.50%,"335,524",29.40%,"132,417",7.60%,"146,376",13.60%,"17,035",4.30%,"71,066",6.90%,"33,467",19.30%,"18,819",6.00%,"121,943",25.50%,"52,606",21.30%,"360,815",25.10%,"25,034",7.80%,"515,744",21.00%,"241,086",13.50%,"8,835",7.60%,"127,738",6.40%,"31,695",5.70%,"218,904",31.00%,"224,944",10.60%,"32,604",17.50%,"94,927",10.70%,"12,567",9.10%,"144,604",13.10%,"513,525",13.20%,"173,056",31.40%,"17,185",13.70%,"294,024",19.30%,"386,746",29.80%,"11,555",4.40%,"87,904",8.50%,"11,952",11.80%,"6,246",2.00%
"        $750,000 to $999,999","16,980",2.20%,"4,514",4.10%,"102,082",8.60%,"8,098",1.90%,"984,096",19.40%,"151,433",13.80%,"30,790",5.00%,"4,742",2.50%,"18,887",19.10%,"191,321",5.70%,"79,080",4.60%,"46,627",24.00%,"28,467",8.70%,"62,006",3.00%,"16,339",1.30%,"6,938",1.20%,"9,227",2.00%,"11,650",1.60%,"14,151",2.20%,"12,042",4.60%,"84,958",7.40%,"167,290",14.70%,"36,509",2.10%,"36,454",3.40%,"5,070",1.30%,"18,708",1.80%,"15,497",8.90%,"4,913",1.60%,"32,480",6.80%,"14,118",5.70%,"136,071",9.50%,"9,282",2.90%,"271,068",11.10%,"77,471",4.40%,"2,037",1.80%,"33,737",1.70%,"8,820",1.60%,"79,228",11.20%,"63,899",3.00%,"12,261",6.60%,"34,424",3.90%,"4,528",3.30%,"50,665",4.60%,"192,865",5.00%,"68,720",12.50%,"5,192",4.10%,"137,349",9.00%,"195,787",15.10%,"2,032",0.80%,"23,227",2.20%,"3,416",3.40%,"1,686",0.50%
"        $1,000,000 or more","9,820",1.30%,"1,237",1.10%,"64,979",5.50%,"4,924",1.20%,"1,490,723",29.40%,"112,860",10.30%,"37,252",6.10%,"4,352",2.30%,"26,099",26.30%,"177,648",5.30%,"49,514",2.90%,"68,410",35.20%,"20,063",6.20%,"51,177",2.50%,"10,901",0.90%,"4,944",0.90%,"5,688",1.20%,"7,357",1.00%,"7,949",1.30%,"5,883",2.20%,"56,597",4.90%,"132,468",11.60%,"20,442",1.20%,"24,238",2.20%,"3,987",1.00%,"15,762",1.50%,"10,242",5.90%,"3,432",1.10%,"21,314",4.50%,"8,299",3.40%,"91,870",6.40%,"6,126",1.90%,"268,816",11.00%,"55,809",3.10%,988,0.90%,"16,414",0.80%,"5,926",1.10%,"43,467",6.20%,"38,147",1.80%,"5,903",3.20%,"29,053",3.30%,"2,237",1.60%,"42,053",3.80%,"145,998",3.80%,"42,224",7.70%,"2,529",2.00%,"102,011",6.70%,"218,478",16.80%,"1,078",0.40%,"13,212",1.30%,"4,665",4.60%,"3,354",1.10%
        Median (dollars),"236,000","236,000","357,600","357,600","435,200","435,200","211,200","211,200","738,000","738,000","549,900","549,900","354,000","354,000","346,800","346,800","706,600","706,600","376,600","376,600","326,000","326,000","845,700","845,700","447,500","447,500","267,700","267,700","223,200","223,200","208,900","208,900","234,500","234,500","222,200","222,200","239,600","239,600","307,600","307,600","411,900","411,900","548,400","548,400","244,000","244,000","328,600","328,600","195,200","195,200","237,100","237,100","394,600","394,600","248,500","248,500","446,400","446,400","398,700","398,700","445,100","445,100","274,500","274,500","432,100","432,100","309,300","309,300","271,300","271,300","223,700","223,700","218,900","218,900","492,200","492,200","266,800","266,800","386,000","386,000","288,500","288,500","271,500","271,500","314,400","314,400","316,200","316,200","512,300","512,300","312,600","312,600","390,400","390,400","597,800","597,800","186,900","186,900","263,900","263,900","315,700","315,700","145,100","145,100"
    MORTGAGE STATUS,,,,,,,,,,,,,,,,,,,,,,,,,,,,,,,,,,,,,,,,,,,,,,,,,,,,,,,,,,,,,,,,,,,,,,,,,,,,,,,,,,,,,,,,,,,,,,,,,,,,,,,,
        With a mortgage and either a second mortgage or home equity loan,"59,936",7.80%,"4,860",4.40%,"80,464",6.80%,"24,386",5.70%,"465,128",9.20%,"119,306",10.90%,"71,542",11.70%,"18,817",10.00%,"11,375",11.50%,"258,146",7.70%,"127,967",7.50%,"31,265",16.10%,"35,986",11.10%,"167,341",8.10%,"126,308",10.30%,"65,943",11.60%,"37,780",8.30%,"76,620",10.70%,"44,608",7.00%,"36,228",13.70%,"120,934",10.60%,"171,421",15.00%,"162,182",9.40%,"114,865",10.70%,"28,064",7.00%,"76,992",7.50%,"14,200",8.20%,"27,830",8.80%,"31,451",6.60%,"27,616",11.20%,"143,924",10.00%,"19,515",6.10%,"272,811",11.10%,"172,917",9.70%,"9,087",7.90%,"228,297",11.50%,"29,457",5.30%,"73,176",10.40%,"268,381",12.60%,"27,960",15.00%,"62,871",7.10%,"11,910",8.60%,"96,738",8.80%,"166,020",4.30%,"75,125",13.60%,"15,723",12.50%,"157,202",10.30%,"129,753",10.00%,"19,968",7.70%,"131,308",12.70%,"7,848",7.80%,"8,428",2.60%
            Only Second mortgage,"10,065",1.30%,776,0.70%,"12,488",1.00%,"6,874",1.60%,"71,460",1.40%,"16,698",1.50%,"11,393",1.90%,"3,116",1.70%,"2,618",2.60%,"44,125",1.30%,"21,141",1.20%,"3,892",2.00%,"6,546",2.00%,"27,062",1.30%,"14,566",1.20%,"13,636",2.40%,"6,476",1.40%,"10,551",1.50%,"12,630",2.00%,"2,319",0.90%,"18,667",1.60%,"16,585",1.50%,"16,501",1.00%,"22,191",2.10%,"6,001",1.50%,"10,915",1.10%,"2,135",1.20%,"6,072",1.90%,"5,520",1.20%,"1,927",0.80%,"14,927",1.00%,"7,461",2.30%,"25,966",1.10%,"16,259",0.90%,"2,605",2.30%,"25,648",1.30%,"8,972",1.60%,"8,301",1.20%,"29,480",1.40%,"3,496",1.90%,"9,259",1.00%,941,0.70%,"14,019",1.30%,"39,627",1.00%,"10,971",2.00%,"1,199",1.00%,"29,934",2.00%,"15,817",1.20%,"2,440",0.90%,"16,718",1.60%,"3,351",3.30%,"5,843",1.80%
            Only Home equity loan,"48,242",6.20%,"3,512",3.20%,"65,377",5.50%,"16,953",4.00%,"374,777",7.40%,"99,403",9.10%,"57,360",9.40%,"15,222",8.10%,"8,086",8.20%,"205,452",6.20%,"102,455",6.00%,"25,860",13.30%,"27,987",8.60%,"135,676",6.50%,"107,723",8.80%,"50,067",8.80%,"30,473",6.70%,"63,076",8.80%,"29,676",4.70%,"33,149",12.60%,"98,513",8.60%,"150,319",13.20%,"141,984",8.20%,"89,397",8.30%,"21,367",5.30%,"64,455",6.30%,"11,468",6.60%,"21,278",6.80%,"24,603",5.20%,"24,714",10.00%,"125,475",8.70%,"11,536",3.60%,"238,538",9.70%,"153,033",8.60%,"5,916",5.10%,"196,231",9.90%,"19,731",3.60%,"62,910",8.90%,"230,261",10.80%,"23,887",12.80%,"52,325",5.90%,"10,213",7.40%,"78,692",7.20%,"120,421",3.10%,"61,705",11.20%,"14,281",11.40%,"121,681",8.00%,"108,322",8.30%,"16,653",6.40%,"110,921",10.70%,"4,234",4.20%,"1,966",0.60%
            Both second mortgage and home equity loan,"1,629",0.20%,572,0.50%,"2,599",0.20%,559,0.10%,"18,891",0.40%,"3,205",0.30%,"2,789",0.50%,479,0.30%,671,0.70%,"8,569",0.30%,"4,371",0.30%,"1,513",0.80%,"1,453",0.40%,"4,603",0.20%,"4,019",0.30%,"2,240",0.40%,831,0.20%,"2,993",0.40%,"2,302",0.40%,760,0.30%,"3,754",0.30%,"4,517",0.40%,"3,697",0.20%,"3,277",0.30%,696,0.20%,"1,622",0.20%,597,0.30%,480,0.20%,"1,328",0.30%,975,0.40%,"3,522",0.20%,518,0.20%,"8,307",0.30%,"3,625",0.20%,566,0.50%,"6,418",0.30%,754,0.10%,"1,965",0.30%,"8,640",0.40%,577,0.30%,"1,287",0.10%,756,0.50%,"4,027",0.40%,"5,972",0.20%,"2,449",0.40%,243,0.20%,"5,587",0.40%,"5,614",0.40%,875,0.30%,"3,669",0.40%,263,0.30%,619,0.20%
        No second mortgage and no home equity loan,"692,388",89.50%,"103,696",93.90%,"1,091,711",91.80%,"395,679",92.70%,"4,537,791",89.40%,"954,998",87.30%,"515,650",84.10%,"162,971",86.60%,"86,105",86.90%,"3,000,719",89.80%,"1,556,819",90.70%,"155,444",80.00%,"280,743",86.20%,"1,854,107",89.30%,"1,055,274",86.10%,"487,168",85.50%,"409,241",89.50%,"612,500",85.90%,"579,172",91.30%,"212,075",80.30%,"994,455",86.90%,"923,742",81.00%,"1,511,462",87.20%,"936,084",86.90%,"362,228",90.40%,"927,919",90.50%,"154,402",89.10%,"280,526",89.10%,"440,129",92.20%,"208,556",84.60%,"1,234,041",85.70%,"298,839",92.70%,"2,061,250",84.10%,"1,551,726",87.20%,"104,100",90.00%,"1,658,653",83.50%,"515,438",93.20%,"619,032",87.60%,"1,716,077",80.70%,"149,443",80.10%,"799,414",90.10%,"124,036",89.60%,"978,597",88.90%,"3,655,919",94.10%,"462,898",84.00%,"103,938",82.80%,"1,323,242",86.90%,"1,143,676",88.00%,"232,108",89.30%,"869,055",83.90%,"92,082",91.10%,"308,957",97.10%
        Home equity loan without a primary mortgage,"21,022",2.70%,"1,884",1.70%,"17,256",1.50%,"6,963",1.60%,"73,613",1.50%,"19,489",1.80%,"25,952",4.20%,"6,348",3.40%,"1,614",1.60%,"81,282",2.40%,"31,407",1.80%,"7,675",3.90%,"8,856",2.70%,"54,719",2.60%,"43,365",3.50%,"16,730",2.90%,"10,140",2.20%,"23,944",3.40%,"10,855",1.70%,"15,666",5.90%,"28,839",2.50%,"45,613",4.00%,"59,122",3.40%,"26,382",2.40%,"10,465",2.60%,"20,621",2.00%,"4,616",2.70%,"6,583",2.10%,"5,884",1.20%,"10,429",4.20%,"61,843",4.30%,"3,954",1.20%,"116,725",4.80%,"55,493",3.10%,"2,533",2.20%,"99,343",5.00%,"8,294",1.50%,"14,376",2.00%,"141,309",6.60%,"9,088",4.90%,"24,618",2.80%,"2,443",1.80%,"24,841",2.30%,"62,558",1.60%,"12,940",2.30%,"5,816",4.60%,"43,131",2.80%,"25,935",2.00%,"7,816",3.00%,"36,059",3.50%,"1,179",1.20%,802,0.30%
    HOUSEHOLD INCOME IN THE PAST 12 MONTHS (IN 2022 INFLATION-ADJUSTED DOLLARS),,,,,,,,,,,,,,,,,,,,,,,,,,,,,,,,,,,,,,,,,,,,,,,,,,,,,,,,,,,,,,,,,,,,,,,,,,,,,,,,,,,,,,,,,,,,,,,,,,,,,,,,
"        Less than $10,000","22,620",2.90%,"1,929",1.70%,"29,053",2.40%,"10,807",2.50%,"111,029",2.20%,"19,692",1.80%,"11,493",1.90%,"3,330",1.80%,"2,255",2.30%,"81,175",2.40%,"39,492",2.30%,"5,627",2.90%,"5,893",1.80%,"44,926",2.20%,"22,673",1.90%,"7,167",1.30%,"8,248",1.80%,"16,002",2.20%,"17,961",2.80%,"5,885",2.20%,"21,325",1.90%,"18,967",1.70%,"39,313",2.30%,"18,624",1.70%,"12,606",3.10%,"22,630",2.20%,"3,527",2.00%,"6,429",2.00%,"13,264",2.80%,"2,952",1.20%,"22,265",1.50%,"8,669",2.70%,"46,684",1.90%,"40,877",2.30%,"1,181",1.00%,"38,845",2.00%,"13,397",2.40%,"14,324",2.00%,"40,300",1.90%,"3,036",1.60%,"20,209",2.30%,"1,796",1.30%,"19,776",1.80%,"79,222",2.00%,"6,850",1.20%,"1,837",1.50%,"27,554",1.80%,"21,890",1.70%,"5,728",2.20%,"18,664",1.80%,"2,262",2.20%,"21,370",6.70%
"        $10,000 to $24,999","48,882",6.30%,"3,083",2.80%,"55,157",4.60%,"24,565",5.80%,"164,109",3.20%,"36,531",3.30%,"14,809",2.40%,"6,974",3.70%,"2,572",2.60%,"171,226",5.10%,"72,893",4.20%,"5,665",2.90%,"15,274",4.70%,"81,889",3.90%,"54,822",4.50%,"21,523",3.80%,"16,691",3.70%,"36,341",5.10%,"39,968",6.30%,"12,619",4.80%,"38,155",3.30%,"29,314",2.60%,"82,022",4.70%,"33,612",3.10%,"31,564",7.90%,"45,587",4.40%,"6,853",4.00%,"11,452",3.60%,"22,616",4.70%,"6,706",2.70%,"31,485",2.20%,"20,362",6.30%,"81,070",3.30%,"83,521",4.70%,"3,760",3.20%,"88,283",4.40%,"30,013",5.40%,"28,220",4.00%,"84,839",4.00%,"5,369",2.90%,"45,873",5.20%,"4,189",3.00%,"56,980",5.20%,"130,308",3.40%,"13,006",2.40%,"5,433",4.30%,"52,414",3.40%,"34,034",2.60%,"15,498",6.00%,"35,474",3.40%,"3,270",3.20%,"56,114",17.60%
"        $25,000 to $34,999","33,784",4.40%,"2,511",2.30%,"48,965",4.10%,"21,393",5.00%,"144,735",2.90%,"32,338",3.00%,"13,393",2.20%,"8,124",4.30%,"2,150",2.20%,"152,565",4.60%,"71,270",4.20%,"3,934",2.00%,"14,036",4.30%,"72,578",3.50%,"56,352",4.60%,"21,994",3.90%,"18,750",4.10%,"38,916",5.50%,"33,276",5.20%,"12,091",4.60%,"33,194",2.90%,"28,608",2.50%,"80,197",4.60%,"31,440",2.90%,"23,047",5.80%,"46,780",4.60%,"7,094",4.10%,"10,074",3.20%,"19,489",4.10%,"6,589",2.70%,"36,302",2.50%,"19,027",5.90%,"75,424",3.10%,"82,917",4.70%,"3,146",2.70%,"87,754",4.40%,"25,711",4.60%,"24,264",3.40%,"86,289",4.10%,"5,935",3.20%,"46,437",5.20%,"4,367",3.20%,"53,328",4.80%,"135,907",3.50%,"15,170",2.80%,"6,789",5.40%,"47,542",3.10%,"33,135",2.60%,"13,015",5.00%,"36,524",3.50%,"4,283",4.20%,"40,773",12.80%
"        $35,000 to $49,999","71,555",9.30%,"6,069",5.50%,"92,812",7.80%,"43,447",10.20%,"256,209",5.00%,"62,825",5.70%,"30,472",5.00%,"13,432",7.10%,"2,390",2.40%,"293,893",8.80%,"126,958",7.40%,"10,420",5.40%,"26,842",8.20%,"142,853",6.90%,"112,784",9.20%,"48,689",8.50%,"34,208",7.50%,"63,377",8.90%,"52,339",8.20%,"24,884",9.40%,"56,957",5.00%,"56,758",5.00%,"154,738",8.90%,"64,519",6.00%,"41,198",10.30%,"86,884",8.50%,"15,546",9.00%,"22,383",7.10%,"37,382",7.80%,"12,250",5.00%,"59,061",4.10%,"31,644",9.80%,"135,758",5.50%,"147,087",8.30%,"8,848",7.60%,"165,764",8.30%,"51,531",9.30%,"47,599",6.70%,"152,838",7.20%,"9,481",5.10%,"80,139",9.00%,"10,436",7.50%,"97,576",8.90%,"247,276",6.40%,"29,279",5.30%,"9,101",7.30%,"93,304",6.10%,"68,204",5.20%,"23,538",9.10%,"81,494",7.90%,"8,316",8.20%,"56,716",17.80%
"        $50,000 to $74,999","130,132",16.80%,"12,755",11.50%,"181,626",15.30%,"79,738",18.70%,"521,801",10.30%,"134,742",12.30%,"71,454",11.70%,"27,569",14.70%,"7,479",7.50%,"523,897",15.70%,"249,138",14.50%,"22,814",11.70%,"57,944",17.80%,"287,019",13.80%,"211,027",17.20%,"98,160",17.20%,"74,402",16.30%,"126,057",17.70%,"99,218",15.60%,"41,356",15.70%,"118,393",10.30%,"107,968",9.50%,"287,035",16.60%,"144,008",13.40%,"73,074",18.20%,"174,057",17.00%,"28,999",16.70%,"47,505",15.10%,"70,718",14.80%,"31,155",12.60%,"146,103",10.10%,"53,133",16.50%,"289,646",11.80%,"287,642",16.20%,"17,652",15.30%,"317,628",16.00%,"95,167",17.20%,"99,268",14.00%,"320,583",15.10%,"24,608",13.20%,"146,089",16.50%,"23,656",17.10%,"184,937",16.80%,"550,395",14.20%,"73,203",13.30%,"18,770",15.00%,"190,475",12.50%,"145,280",11.20%,"48,039",18.50%,"169,972",16.40%,"16,160",16.00%,"58,209",18.30%
"        $75,000 to $99,999","120,006",15.50%,"15,713",14.20%,"171,154",14.40%,"74,314",17.40%,"564,234",11.10%,"140,219",12.80%,"81,745",13.30%,"26,354",14.00%,"7,022",7.10%,"501,096",15.00%,"259,017",15.10%,"22,262",11.50%,"57,399",17.60%,"298,342",14.40%,"206,751",16.90%,"97,324",17.10%,"73,542",16.10%,"114,115",16.00%,"94,490",14.90%,"42,282",16.00%,"138,117",12.10%,"126,817",11.10%,"271,476",15.70%,"154,917",14.40%,"66,075",16.50%,"166,818",16.30%,"29,747",17.20%,"49,590",15.70%,"73,576",15.40%,"32,027",13.00%,"155,773",10.80%,"50,521",15.70%,"296,040",12.10%,"265,509",14.90%,"18,465",16.00%,"317,128",16.00%,"85,064",15.40%,"101,889",14.40%,"301,905",14.20%,"26,065",14.00%,"145,997",16.50%,"25,380",18.30%,"169,801",15.40%,"540,311",13.90%,"82,584",15.00%,"18,927",15.10%,"188,726",12.40%,"170,299",13.10%,"45,558",17.50%,"163,324",15.80%,"17,813",17.60%,"34,601",10.90%
"        $100,000 to $149,999","170,526",22.10%,"28,685",26.00%,"272,678",22.90%,"87,780",20.60%,"1,053,996",20.80%,"255,134",23.30%,"137,625",22.40%,"47,226",25.10%,"18,138",18.30%,"735,456",22.00%,"388,826",22.70%,"46,452",23.90%,"77,036",23.70%,"483,648",23.30%,"292,343",23.90%,"142,449",25.00%,"111,984",24.50%,"169,040",23.70%,"147,748",23.30%,"63,456",24.00%,"249,864",21.80%,"248,701",21.80%,"398,039",23.00%,"275,764",25.60%,"85,866",21.40%,"242,578",23.70%,"42,145",24.30%,"83,018",26.40%,"115,835",24.30%,"57,864",23.50%,"310,728",21.60%,"71,443",22.20%,"546,295",22.30%,"399,815",22.50%,"32,283",27.90%,"476,957",24.00%,"129,783",23.50%,"167,331",23.70%,"502,375",23.60%,"46,273",24.80%,"198,906",22.40%,"38,690",28.00%,"252,668",23.00%,"878,853",22.60%,"150,600",27.30%,"31,152",24.80%,"335,322",22.00%,"302,312",23.30%,"62,514",24.10%,"275,720",26.60%,"27,654",27.40%,"28,487",9.00%
"        $150,000 or more","175,841",22.70%,"39,695",35.90%,"337,986",28.40%,"84,984",19.90%,"2,260,419",44.50%,"412,312",37.70%,"252,153",41.10%,"55,127",29.30%,"57,088",57.60%,"880,839",26.40%,"508,599",29.60%,"77,210",39.70%,"71,161",21.90%,"664,912",32.00%,"268,195",21.90%,"132,535",23.30%,"119,336",26.10%,"149,216",20.90%,"149,635",23.60%,"61,396",23.30%,"488,223",42.70%,"523,643",45.90%,"419,946",24.20%,"354,447",32.90%,"67,327",16.80%,"240,198",23.40%,"39,307",22.70%,"84,488",26.80%,"124,584",26.10%,"97,058",39.40%,"678,091",47.10%,"67,509",20.90%,"979,869",40.00%,"472,768",26.60%,"30,385",26.30%,"493,934",24.90%,"122,523",22.10%,"223,689",31.70%,"636,638",29.90%,"65,724",35.20%,"203,253",22.90%,"29,875",21.60%,"265,110",24.10%,"1,322,225",34.00%,"180,271",32.70%,"33,468",26.70%,"588,238",38.60%,"524,210",40.30%,"46,002",17.70%,"255,250",24.60%,"21,351",21.10%,"21,917",6.90%
        Median household income (dollars),"91,415","91,415","118,096","118,096","102,270","102,270","85,764","85,764","134,629","134,629","121,075","121,075","129,320","129,320","106,601","106,601","171,105","171,105","97,083","97,083","103,726","103,726","126,095","126,095","93,029","93,029","108,886","108,886","93,394","93,394","97,147","97,147","100,847","100,847","91,309","91,309","94,320","94,320","95,336","95,336","131,594","131,594","140,149","140,149","95,084","95,084","115,060","115,060","81,125","81,125","95,216","95,216","95,131","95,131","104,908","104,908","100,556","100,556","125,404","125,404","142,183","142,183","87,502","87,502","125,708","125,708","98,194","98,194","105,304","105,304","98,122","98,122","91,850","91,850","109,082","109,082","105,872","105,872","120,661","120,661","91,731","91,731","99,449","99,449","94,510","94,510","111,986","111,986","116,132","116,132","102,198","102,198","121,648","121,648","126,943","126,943","87,492","87,492","101,674","101,674","97,239","97,239","45,545","45,545"
    RATIO OF VALUE TO HOUSEHOLD INCOME IN THE PAST 12 MONTHS,,,,,,,,,,,,,,,,,,,,,,,,,,,,,,,,,,,,,,,,,,,,,,,,,,,,,,,,,,,,,,,,,,,,,,,,,,,,,,,,,,,,,,,,,,,,,,,,,,,,,,,,
        Less than 2.0,"283,798",36.70%,"27,793",25.20%,"152,940",12.90%,"174,129",40.80%,"384,696",7.60%,"99,096",9.10%,"184,342",30.10%,"43,111",22.90%,"12,825",12.90%,"550,162",16.50%,"455,805",26.60%,"13,789",7.10%,"35,309",10.80%,"851,805",41.00%,"482,212",39.40%,"259,080",45.50%,"195,995",42.90%,"274,058",38.40%,"226,710",35.70%,"68,479",25.90%,"267,541",23.40%,"173,728",15.20%,"644,560",37.20%,"301,211",28.00%,"164,184",41.00%,"388,944",37.90%,"28,378",16.40%,"127,411",40.50%,"48,687",10.20%,"54,937",22.30%,"357,551",24.80%,"85,019",26.40%,"714,955",29.20%,"451,041",25.30%,"40,686",35.20%,"840,895",42.30%,"225,040",40.70%,"70,851",10.00%,"800,548",37.70%,"35,703",19.10%,"234,622",26.50%,"41,895",30.30%,"255,320",23.20%,"1,187,543",30.60%,"52,127",9.50%,"30,580",24.40%,"326,250",21.40%,"123,110",9.50%,"123,054",47.30%,"349,408",33.70%,"22,142",21.90%,"81,340",25.60%
        2.0 to 2.9,"191,493",24.80%,"31,282",28.30%,"210,261",17.70%,"105,282",24.70%,"588,773",11.60%,"178,366",16.30%,"167,310",27.30%,"47,690",25.30%,"19,072",19.20%,"685,967",20.50%,"425,114",24.80%,"14,964",7.70%,"44,357",13.60%,"521,342",25.10%,"329,377",26.90%,"153,776",27.00%,"119,706",26.20%,"187,462",26.30%,"158,036",24.90%,"61,447",23.30%,"294,110",25.70%,"249,870",21.90%,"444,920",25.70%,"316,542",29.40%,"94,563",23.60%,"265,783",25.90%,"30,697",17.70%,"88,293",28.00%,"80,107",16.80%,"67,051",27.20%,"366,370",25.40%,"78,398",24.30%,"526,063",21.50%,"436,894",24.50%,"34,663",30.00%,"530,871",26.70%,"142,026",25.70%,"121,395",17.20%,"541,351",25.50%,"49,830",26.70%,"211,995",23.90%,"36,667",26.50%,"250,598",22.80%,"1,004,995",25.90%,"84,369",15.30%,"32,806",26.10%,"383,530",25.20%,"196,579",15.10%,"60,134",23.10%,"290,697",28.00%,"23,394",23.10%,"73,404",23.10%
        3.0 to 3.9,"105,593",13.70%,"20,533",18.60%,"220,860",18.60%,"53,158",12.40%,"743,746",14.70%,"213,438",19.50%,"92,350",15.10%,"32,897",17.50%,"20,067",20.30%,"580,423",17.40%,"293,696",17.10%,"21,357",11.00%,"57,934",17.80%,"268,265",12.90%,"163,760",13.40%,"67,882",11.90%,"56,804",12.40%,"93,906",13.20%,"89,652",14.10%,"46,134",17.50%,"205,035",17.90%,"220,658",19.30%,"242,928",14.00%,"181,668",16.90%,"50,192",12.50%,"148,929",14.50%,"30,972",17.90%,"38,559",12.20%,"84,159",17.60%,"43,239",17.50%,"254,126",17.60%,"51,955",16.10%,"332,044",13.50%,"304,380",17.10%,"16,611",14.40%,"249,642",12.60%,"71,623",12.90%,"131,537",18.60%,"290,901",13.70%,"34,789",18.70%,"141,484",16.00%,"24,045",17.40%,"189,336",17.20%,"624,165",16.10%,"104,462",19.00%,"22,636",18.00%,"285,579",18.70%,"231,155",17.80%,"29,939",11.50%,"156,535",15.10%,"18,431",18.20%,"47,366",14.90%
        4.0 or more,"187,130",24.20%,"30,432",27.60%,"596,688",50.20%,"91,602",21.50%,"3,327,118",65.50%,"598,469",54.70%,"166,622",27.20%,"63,425",33.70%,"46,524",46.90%,"1,499,171",44.90%,"531,326",31.00%,"141,992",73.00%,"186,732",57.40%,"424,426",20.40%,"245,238",20.00%,"86,946",15.30%,"82,909",18.10%,"153,670",21.60%,"156,186",24.60%,"86,834",32.90%,"370,895",32.40%,"491,920",43.10%,"392,275",22.60%,"273,092",25.30%,"88,720",22.10%,"216,092",21.10%,"82,796",47.80%,"59,187",18.80%,"260,845",54.60%,"80,832",32.80%,"455,787",31.70%,"104,617",32.50%,"865,760",35.30%,"578,315",32.50%,"23,649",20.40%,"356,150",17.90%,"111,177",20.10%,"380,367",53.80%,"481,799",22.70%,"65,597",35.20%,"294,208",33.20%,"35,102",25.40%,"400,178",36.40%,"1,047,782",27.00%,"308,828",56.10%,"39,117",31.20%,"521,173",34.20%,"743,834",57.20%,"44,948",17.30%,"235,302",22.70%,"37,070",36.70%,"110,732",34.80%
        Not computed,"5,332",0.70%,400,0.40%,"8,682",0.70%,"2,857",0.70%,"32,199",0.60%,"4,424",0.40%,"2,520",0.40%,"1,013",0.50%,606,0.60%,"24,424",0.70%,"10,252",0.60%,"2,282",1.20%,"1,253",0.40%,"10,329",0.50%,"4,360",0.40%,"2,157",0.40%,"1,747",0.40%,"3,968",0.60%,"4,051",0.60%,"1,075",0.40%,"6,647",0.60%,"4,600",0.40%,"8,083",0.50%,"4,818",0.40%,"3,098",0.80%,"5,784",0.60%,375,0.20%,"1,489",0.50%,"3,666",0.80%,542,0.20%,"5,974",0.40%,"2,319",0.70%,"11,964",0.50%,"9,506",0.50%,111,0.10%,"8,735",0.40%,"3,323",0.60%,"2,434",0.30%,"11,168",0.50%,572,0.30%,"4,594",0.50%,680,0.50%,"4,744",0.40%,"20,012",0.50%,"1,177",0.20%,338,0.30%,"7,043",0.50%,"4,686",0.40%,"1,817",0.70%,"4,480",0.40%,72,0.10%,"5,345",1.70%
    MONTHLY HOUSING COSTS,,,,,,,,,,,,,,,,,,,,,,,,,,,,,,,,,,,,,,,,,,,,,,,,,,,,,,,,,,,,,,,,,,,,,,,,,,,,,,,,,,,,,,,,,,,,,,,,,,,,,,,,
        Less than $200,406,0.10%,0,0.00%,"1,567",0.10%,205,0.00%,"7,688",0.20%,"1,609",0.10%,154,0.00%,369,0.20%,0,0.00%,"4,036",0.10%,"2,000",0.10%,394,0.20%,728,0.20%,"3,260",0.20%,"1,121",0.10%,9,0.00%,444,0.10%,586,0.10%,481,0.10%,100,0.00%,"2,289",0.20%,761,0.10%,"1,927",0.10%,"1,246",0.10%,79,0.00%,717,0.10%,241,0.10%,340,0.10%,"1,008",0.20%,336,0.10%,"1,395",0.10%,167,0.10%,"1,636",0.10%,"3,994",0.20%,79,0.10%,"2,168",0.10%,24,0.00%,806,0.10%,"1,430",0.10%,43,0.00%,"1,178",0.10%,288,0.20%,451,0.00%,"4,157",0.10%,936,0.20%,137,0.10%,780,0.10%,755,0.10%,158,0.10%,336,0.00%,352,0.30%,479,0.20%
        $200 to $399,"4,944",0.60%,742,0.70%,"7,168",0.60%,"2,377",0.60%,"16,238",0.30%,"3,465",0.30%,"1,599",0.30%,"1,207",0.60%,0,0.00%,"11,388",0.30%,"6,600",0.40%,995,0.50%,"2,010",0.60%,"7,553",0.40%,"9,167",0.70%,"1,461",0.30%,"1,313",0.30%,"5,244",0.70%,"2,461",0.40%,"1,467",0.60%,"5,025",0.40%,"4,285",0.40%,"7,702",0.40%,"3,176",0.30%,"2,770",0.70%,"3,553",0.30%,833,0.50%,"1,187",0.40%,"2,498",0.50%,"1,017",0.40%,"2,751",0.20%,"1,512",0.50%,"7,907",0.30%,"12,979",0.70%,500,0.40%,"9,628",0.50%,"3,141",0.60%,"2,470",0.30%,"10,141",0.50%,"1,080",0.60%,"5,642",0.60%,237,0.20%,"4,902",0.40%,"13,071",0.30%,"2,285",0.40%,18,0.00%,"7,754",0.50%,"3,093",0.20%,"2,197",0.80%,"2,434",0.20%,705,0.70%,"7,921",2.50%
        $400 to $599,"25,252",3.30%,962,0.90%,"16,242",1.40%,"14,409",3.40%,"23,944",0.50%,"8,422",0.80%,"1,759",0.30%,"2,309",1.20%,418,0.40%,"38,737",1.20%,"30,669",1.80%,"1,459",0.80%,"6,153",1.90%,"26,996",1.30%,"36,111",2.90%,"12,238",2.10%,"6,498",1.40%,"26,143",3.70%,"15,034",2.40%,"5,047",1.90%,"8,016",0.70%,"6,173",0.50%,"40,991",2.40%,"11,943",1.10%,"14,740",3.70%,"24,816",2.40%,"1,810",1.00%,"4,919",1.60%,"5,896",1.20%,831,0.30%,"7,451",0.50%,"5,274",1.60%,"24,330",1.00%,"37,069",2.10%,"2,166",1.90%,"51,546",2.60%,"12,543",2.30%,"5,180",0.70%,"37,688",1.80%,773,0.40%,"23,872",2.70%,"1,648",1.20%,"25,290",2.30%,"37,033",1.00%,"4,712",0.90%,"1,369",1.10%,"22,216",1.50%,"9,040",0.70%,"12,191",4.70%,"14,104",1.40%,"1,305",1.30%,"45,018",14.10%
        $600 to $799,"70,004",9.10%,"1,237",1.10%,"48,876",4.10%,"49,388",11.60%,"43,783",0.90%,"19,901",1.80%,"4,850",0.80%,"5,955",3.20%,969,1.00%,"117,570",3.50%,"78,383",4.60%,"2,316",1.20%,"16,994",5.20%,"87,561",4.20%,"111,117",9.10%,"40,481",7.10%,"27,583",6.00%,"60,117",8.40%,"41,959",6.60%,"12,052",4.60%,"20,132",1.80%,"9,804",0.90%,"112,823",6.50%,"30,172",2.80%,"44,271",11.00%,"84,659",8.30%,"8,154",4.70%,"14,096",4.50%,"11,992",2.50%,"3,047",1.20%,"10,867",0.80%,"20,433",6.30%,"69,383",2.80%,"109,390",6.10%,"4,476",3.90%,"154,298",7.80%,"39,052",7.10%,"15,074",2.10%,"106,500",5.00%,"1,682",0.90%,"64,829",7.30%,"6,563",4.70%,"80,306",7.30%,"105,477",2.70%,"10,443",1.90%,"2,620",2.10%,"52,041",3.40%,"18,327",1.40%,"36,062",13.90%,"49,291",4.80%,"3,646",3.60%,"77,824",24.50%
        $800 to $999,"110,979",14.40%,"3,028",2.70%,"96,767",8.10%,"69,948",16.40%,"89,051",1.80%,"34,969",3.20%,"12,001",2.00%,"10,953",5.80%,"1,782",1.80%,"216,187",6.50%,"153,351",8.90%,"5,318",2.70%,"33,250",10.20%,"134,006",6.50%,"182,892",14.90%,"67,469",11.80%,"46,725",10.20%,"95,362",13.40%,"65,074",10.30%,"25,226",9.60%,"36,006",3.10%,"17,883",1.60%,"195,692",11.30%,"57,678",5.40%,"60,949",15.20%,"129,193",12.60%,"13,679",7.90%,"25,828",8.20%,"28,088",5.90%,"4,660",1.90%,"20,478",1.40%,"36,580",11.30%,"123,102",5.00%,"204,661",11.50%,"8,508",7.40%,"248,301",12.50%,"66,630",12.00%,"29,776",4.20%,"189,835",8.90%,"7,076",3.80%,"112,835",12.70%,"12,811",9.30%,"128,199",11.70%,"184,008",4.70%,"26,896",4.90%,"7,178",5.70%,"85,996",5.60%,"34,189",2.60%,"44,763",17.20%,"96,162",9.30%,"10,111",10.00%,"65,565",20.60%
"        $1,000 to $1,499","273,252",35.30%,"17,635",16.00%,"344,732",29.00%,"151,420",35.50%,"480,514",9.50%,"186,550",17.10%,"82,286",13.40%,"56,342",29.90%,"8,237",8.30%,"845,340",25.30%,"499,109",29.10%,"17,339",8.90%,"101,538",31.20%,"475,549",22.90%,"456,192",37.20%,"197,369",34.60%,"135,929",29.70%,"252,886",35.50%,"203,698",32.10%,"77,434",29.30%,"186,975",16.30%,"118,774",10.40%,"580,737",33.50%,"259,379",24.10%,"137,634",34.30%,"352,490",34.40%,"48,774",28.20%,"95,250",30.20%,"122,810",25.70%,"33,573",13.60%,"126,996",8.80%,"119,022",36.90%,"392,564",16.00%,"584,361",32.80%,"32,857",28.40%,"673,969",33.90%,"187,572",33.90%,"136,662",19.30%,"601,021",28.30%,"31,625",17.00%,"305,535",34.40%,"45,496",32.90%,"349,579",31.80%,"807,202",20.80%,"126,218",22.90%,"33,328",26.60%,"316,424",20.80%,"189,769",14.60%,"92,732",35.70%,"327,949",31.60%,"30,369",30.00%,"77,087",24.20%
"        $1,500 to $1,999","158,824",20.50%,"30,610",27.70%,"317,454",26.70%,"73,845",17.30%,"773,002",15.20%,"246,282",22.50%,"147,078",24.00%,"55,583",29.50%,"12,275",12.40%,"829,071",24.80%,"399,865",23.30%,"29,541",15.20%,"78,551",24.10%,"486,245",23.40%,"232,134",19.00%,"129,639",22.80%,"108,326",23.70%,"144,628",20.30%,"152,594",24.00%,"63,373",24.00%,"268,387",23.50%,"195,993",17.20%,"389,906",22.50%,"296,621",27.50%,"74,300",18.50%,"214,415",20.90%,"48,558",28.00%,"84,877",27.00%,"132,388",27.70%,"61,880",25.10%,"245,154",17.00%,"75,508",23.40%,"376,260",15.40%,"389,991",21.90%,"32,148",27.80%,"409,500",20.60%,"126,627",22.90%,"183,296",25.90%,"510,063",24.00%,"49,196",26.40%,"181,313",20.40%,"34,791",25.10%,"244,560",22.20%,"969,851",25.00%,"157,596",28.60%,"34,775",27.70%,"326,602",21.40%,"277,273",21.30%,"41,846",16.10%,"269,126",26.00%,"27,079",26.80%,"24,174",7.60%
"        $2,000 to $2,499","65,388",8.50%,"26,015",23.60%,"168,378",14.20%,"30,828",7.20%,"845,237",16.60%,"233,779",21.40%,"131,997",21.50%,"30,730",16.30%,"14,689",14.80%,"526,140",15.80%,"242,471",14.10%,"29,081",15.00%,"42,600",13.10%,"340,998",16.40%,"110,046",9.00%,"63,384",11.10%,"63,030",13.80%,"63,542",8.90%,"75,274",11.90%,"39,547",15.00%,"232,677",20.30%,"221,472",19.40%,"198,992",11.50%,"196,381",18.20%,"36,075",9.00%,"110,866",10.80%,"26,021",15.00%,"45,237",14.40%,"86,978",18.20%,"57,262",23.20%,"279,088",19.40%,"30,430",9.40%,"324,006",13.20%,"202,954",11.40%,"19,359",16.70%,"211,047",10.60%,"57,546",10.40%,"141,340",20.00%,"288,893",13.60%,"41,731",22.40%,"90,872",10.20%,"18,552",13.40%,"125,229",11.40%,"690,834",17.80%,"108,893",19.80%,"23,218",18.50%,"255,083",16.70%,"258,714",19.90%,"17,065",6.60%,"138,097",13.30%,"14,714",14.60%,"8,357",2.60%
"        $2,500 to $2,999","29,512",3.80%,"16,060",14.50%,"85,715",7.20%,"16,447",3.90%,"745,890",14.70%,"149,906",13.70%,"84,136",13.70%,"13,550",7.20%,"14,234",14.40%,"309,961",9.30%,"132,479",7.70%,"29,423",15.10%,"22,459",6.90%,"210,777",10.20%,"39,592",3.20%,"27,453",4.80%,"32,550",7.10%,"28,977",4.10%,"34,072",5.40%,"17,676",6.70%,"155,040",13.50%,"191,567",16.80%,"93,672",5.40%,"98,742",9.20%,"16,266",4.10%,"49,114",4.80%,"11,746",6.80%,"19,612",6.20%,"41,985",8.80%,"36,381",14.80%,"242,375",16.80%,"14,869",4.60%,"293,287",12.00%,"108,672",6.10%,"8,203",7.10%,"105,966",5.30%,"27,240",4.90%,"83,582",11.80%,"162,739",7.70%,"26,160",14.00%,"44,909",5.10%,"8,793",6.40%,"61,572",5.60%,"427,308",11.00%,"52,715",9.60%,"10,635",8.50%,"166,361",10.90%,"176,651",13.60%,"7,778",3.00%,"68,553",6.60%,"6,298",6.20%,"3,571",1.10%
"        $3,000 or more","34,785",4.50%,"14,151",12.80%,"102,532",8.60%,"18,161",4.30%,"2,051,185",40.40%,"208,910",19.10%,"147,284",24.00%,"11,138",5.90%,"46,490",46.90%,"441,717",13.20%,"171,266",10.00%,"78,518",40.40%,"21,302",6.50%,"303,222",14.60%,"46,575",3.80%,"30,338",5.30%,"34,763",7.60%,"35,579",5.00%,"43,988",6.90%,"22,047",8.40%,"229,681",20.10%,"374,064",32.80%,"110,324",6.40%,"121,993",11.30%,"13,673",3.40%,"55,709",5.40%,"13,402",7.70%,"23,593",7.50%,"43,821",9.20%,"47,614",19.30%,"503,253",35.00%,"18,513",5.70%,"838,311",34.20%,"126,065",7.10%,"7,424",6.40%,"119,870",6.00%,"32,814",5.90%,"108,398",15.30%,"217,457",10.20%,"27,125",14.50%,"55,918",6.30%,"9,210",6.70%,"80,088",7.30%,"645,556",16.60%,"60,269",10.90%,"12,199",9.70%,"290,318",19.10%,"331,553",25.50%,"5,100",2.00%,"70,370",6.80%,"6,530",6.50%,"8,191",2.60%
        Median (dollars),"1,293","1,293","2,019","2,019","1,616","1,616","1,216","1,216","2,673","2,673","2,098","2,098","2,215","2,215","1,629","1,629","2,893","2,893","1,746","1,746","1,599","1,599","2,683","2,683","1,512","1,512","1,804","1,804","1,281","1,281","1,411","1,411","1,542","1,542","1,316","1,316","1,472","1,472","1,573","1,573","2,097","2,097","2,489","2,489","1,435","1,435","1,784","1,784","1,267","1,267","1,377","1,377","1,611","1,611","1,586","1,586","1,730","1,730","2,157","2,157","2,553","2,553","1,408","1,408","2,355","2,355","1,444","1,444","1,638","1,638","1,381","1,381","1,409","1,409","1,946","1,946","1,601","1,601","2,021","2,021","1,378","1,378","1,526","1,526","1,442","1,442","1,904","1,904","1,822","1,822","1,750","1,750","1,919","1,919","2,227","2,227","1,161","1,161","1,545","1,545","1,564","1,564",878,878
    MONTHLY HOUSING COSTS AS A PERCENTAGE OF HOUSEHOLD INCOME IN THE PAST 12 MONTHS,,,,,,,,,,,,,,,,,,,,,,,,,,,,,,,,,,,,,,,,,,,,,,,,,,,,,,,,,,,,,,,,,,,,,,,,,,,,,,,,,,,,,,,,,,,,,,,,,,,,,,,,
"        Less than $20,000","46,830",6.10%,"3,013",2.70%,"53,301",4.50%,"23,318",5.50%,"182,102",3.60%,"39,368",3.60%,"17,183",2.80%,"6,626",3.50%,"2,981",3.00%,"159,301",4.80%,"73,998",4.30%,"6,879",3.50%,"14,565",4.50%,"81,097",3.90%,"51,200",4.20%,"17,955",3.20%,"16,518",3.60%,"35,958",5.00%,"41,205",6.50%,"11,526",4.40%,"36,261",3.20%,"33,396",2.90%,"80,456",4.60%,"33,124",3.10%,"30,247",7.50%,"45,175",4.40%,"7,018",4.10%,"10,173",3.20%,"22,177",4.60%,"5,956",2.40%,"37,366",2.60%,"18,602",5.80%,"85,415",3.50%,"82,886",4.70%,"3,568",3.10%,"81,724",4.10%,"27,226",4.90%,"29,010",4.10%,"79,380",3.70%,"6,505",3.50%,"43,544",4.90%,"3,888",2.80%,"49,907",4.50%,"138,176",3.60%,"13,366",2.40%,"4,376",3.50%,"50,138",3.30%,"35,274",2.70%,"13,267",5.10%,"35,484",3.40%,"3,690",3.60%,"52,693",16.60%
            Less than 20 percent,77,0.00%,0,0.00%,140,0.00%,120,0.00%,973,0.00%,336,0.00%,0,0.00%,0,0.00%,0,0.00%,341,0.00%,266,0.00%,30,0.00%,112,0.00%,0,0.00%,98,0.00%,0,0.00%,100,0.00%,176,0.00%,146,0.00%,9,0.00%,123,0.00%,42,0.00%,542,0.00%,431,0.00%,78,0.00%,48,0.00%,0,0.00%,0,0.00%,304,0.10%,0,0.00%,103,0.00%,35,0.00%,155,0.00%,"1,042",0.10%,0,0.00%,272,0.00%,153,0.00%,273,0.00%,699,0.00%,0,0.00%,49,0.00%,50,0.00%,47,0.00%,509,0.00%,97,0.00%,0,0.00%,163,0.00%,49,0.00%,130,0.10%,12,0.00%,0,0.00%,40,0.00%
            20 to 29 percent,83,0.00%,18,0.00%,251,0.00%,270,0.10%,"1,252",0.00%,191,0.00%,44,0.00%,44,0.00%,0,0.00%,366,0.00%,520,0.00%,0,0.00%,54,0.00%,165,0.00%,692,0.10%,105,0.00%,0,0.00%,613,0.10%,239,0.00%,80,0.00%,324,0.00%,406,0.00%,684,0.00%,107,0.00%,232,0.10%,251,0.00%,7,0.00%,14,0.00%,0,0.00%,0,0.00%,149,0.00%,0,0.00%,323,0.00%,976,0.10%,6,0.00%,750,0.00%,116,0.00%,226,0.00%,441,0.00%,0,0.00%,317,0.00%,0,0.00%,662,0.10%,501,0.00%,41,0.00%,0,0.00%,705,0.00%,25,0.00%,0,0.00%,99,0.00%,0,0.00%,"1,747",0.50%
            30 percent or more,"46,670",6.00%,"2,995",2.70%,"52,910",4.40%,"22,928",5.40%,"179,877",3.50%,"38,841",3.60%,"17,139",2.80%,"6,582",3.50%,"2,981",3.00%,"158,594",4.70%,"73,212",4.30%,"6,849",3.50%,"14,399",4.40%,"80,932",3.90%,"50,410",4.10%,"17,850",3.10%,"16,418",3.60%,"35,169",4.90%,"40,820",6.40%,"11,437",4.30%,"35,814",3.10%,"32,948",2.90%,"79,230",4.60%,"32,586",3.00%,"29,937",7.50%,"44,876",4.40%,"7,011",4.00%,"10,159",3.20%,"21,873",4.60%,"5,956",2.40%,"37,114",2.60%,"18,567",5.80%,"84,937",3.50%,"80,868",4.50%,"3,562",3.10%,"80,702",4.10%,"26,957",4.90%,"28,511",4.00%,"78,240",3.70%,"6,505",3.50%,"43,178",4.90%,"3,838",2.80%,"49,198",4.50%,"137,166",3.50%,"13,228",2.40%,"4,376",3.50%,"49,270",3.20%,"35,200",2.70%,"13,137",5.10%,"35,373",3.40%,"3,690",3.60%,"50,906",16.00%
"        $20,000 to $34,999","53,124",6.90%,"4,110",3.70%,"71,192",6.00%,"30,590",7.20%,"205,572",4.00%,"44,769",4.10%,"19,992",3.30%,"10,789",5.70%,"3,390",3.40%,"221,241",6.60%,"99,405",5.80%,"6,065",3.10%,"19,385",6.00%,"107,967",5.20%,"78,287",6.40%,"30,572",5.40%,"25,424",5.60%,"51,333",7.20%,"45,949",7.20%,"17,994",6.80%,"49,766",4.30%,"38,893",3.40%,"112,993",6.50%,"45,734",4.20%,"33,872",8.50%,"64,038",6.20%,"10,081",5.80%,"16,293",5.20%,"29,526",6.20%,"9,749",4.00%,"46,712",3.20%,"27,137",8.40%,"105,799",4.30%,"114,923",6.50%,"4,408",3.80%,"124,423",6.30%,"38,572",7.00%,"35,364",5.00%,"120,880",5.70%,"7,263",3.90%,"64,381",7.30%,"5,784",4.20%,"75,433",6.90%,"187,249",4.80%,"20,483",3.70%,"9,345",7.40%,"70,329",4.60%,"49,099",3.80%,"19,157",7.40%,"50,698",4.90%,"6,053",6.00%,"60,219",18.90%
            Less than 20 percent,"1,645",0.20%,153,0.10%,953,0.10%,475,0.10%,"1,847",0.00%,928,0.10%,131,0.00%,272,0.10%,0,0.00%,"2,974",0.10%,"1,786",0.10%,60,0.00%,453,0.10%,"1,526",0.10%,"2,742",0.20%,532,0.10%,830,0.20%,"1,689",0.20%,"1,147",0.20%,270,0.10%,"1,288",0.10%,297,0.00%,"2,344",0.10%,747,0.10%,967,0.20%,"1,968",0.20%,137,0.10%,133,0.00%,904,0.20%,231,0.10%,209,0.00%,265,0.10%,977,0.00%,"2,692",0.20%,7,0.00%,"3,196",0.20%,658,0.10%,283,0.00%,"3,533",0.20%,0,0.00%,"1,847",0.20%,78,0.10%,"1,276",0.10%,"3,291",0.10%,573,0.10%,8,0.00%,"1,971",0.10%,458,0.00%,779,0.30%,505,0.00%,142,0.10%,"2,757",0.90%
            20 to 29 percent,"7,225",0.90%,76,0.10%,"5,146",0.40%,"4,068",1.00%,"4,310",0.10%,"1,850",0.20%,104,0.00%,414,0.20%,80,0.10%,"11,915",0.40%,"8,269",0.50%,169,0.10%,"1,478",0.50%,"8,092",0.40%,"11,823",1.00%,"4,391",0.80%,"2,946",0.60%,"8,119",1.10%,"4,284",0.70%,"1,406",0.50%,"2,211",0.20%,"1,113",0.10%,"11,147",0.60%,"2,692",0.20%,"4,950",1.20%,"7,390",0.70%,886,0.50%,"1,068",0.30%,"1,326",0.30%,402,0.20%,"1,178",0.10%,"1,838",0.60%,"5,993",0.20%,"11,458",0.60%,194,0.20%,"16,190",0.80%,"4,649",0.80%,"1,720",0.20%,"11,147",0.50%,29,0.00%,"6,622",0.70%,557,0.40%,"9,279",0.80%,"9,933",0.30%,905,0.20%,533,0.40%,"5,263",0.30%,"2,287",0.20%,"3,764",1.40%,"3,636",0.40%,48,0.00%,"15,928",5.00%
            30 percent or more,"44,254",5.70%,"3,881",3.50%,"65,093",5.50%,"26,047",6.10%,"199,415",3.90%,"41,991",3.80%,"19,757",3.20%,"10,103",5.40%,"3,310",3.30%,"206,352",6.20%,"89,350",5.20%,"5,836",3.00%,"17,454",5.40%,"98,349",4.70%,"63,722",5.20%,"25,649",4.50%,"21,648",4.70%,"41,525",5.80%,"40,518",6.40%,"16,318",6.20%,"46,267",4.00%,"37,483",3.30%,"99,502",5.70%,"42,295",3.90%,"27,955",7.00%,"54,680",5.30%,"9,058",5.20%,"15,092",4.80%,"27,296",5.70%,"9,116",3.70%,"45,325",3.10%,"25,034",7.80%,"98,829",4.00%,"100,773",5.70%,"4,207",3.60%,"105,037",5.30%,"33,265",6.00%,"33,361",4.70%,"106,200",5.00%,"7,234",3.90%,"55,912",6.30%,"5,149",3.70%,"64,878",5.90%,"174,025",4.50%,"19,005",3.40%,"8,804",7.00%,"63,095",4.10%,"46,354",3.60%,"14,614",5.60%,"46,557",4.50%,"5,863",5.80%,"41,534",13.10%
"        $35,000 to $49,999","71,555",9.30%,"6,069",5.50%,"92,812",7.80%,"43,447",10.20%,"256,209",5.00%,"62,825",5.70%,"30,472",5.00%,"13,432",7.10%,"2,390",2.40%,"293,893",8.80%,"126,958",7.40%,"10,420",5.40%,"26,842",8.20%,"142,853",6.90%,"112,784",9.20%,"48,689",8.50%,"34,208",7.50%,"63,377",8.90%,"52,339",8.20%,"24,884",9.40%,"56,957",5.00%,"56,758",5.00%,"154,738",8.90%,"64,519",6.00%,"41,198",10.30%,"86,884",8.50%,"15,546",9.00%,"22,383",7.10%,"37,382",7.80%,"12,250",5.00%,"59,061",4.10%,"31,644",9.80%,"135,758",5.50%,"147,087",8.30%,"8,848",7.60%,"165,764",8.30%,"51,531",9.30%,"47,599",6.70%,"152,838",7.20%,"9,481",5.10%,"80,139",9.00%,"10,436",7.50%,"97,576",8.90%,"247,276",6.40%,"29,279",5.30%,"9,101",7.30%,"93,304",6.10%,"68,204",5.20%,"23,538",9.10%,"81,494",7.90%,"8,316",8.20%,"56,716",17.80%
            Less than 20 percent,"9,737",1.30%,159,0.10%,"6,273",0.50%,"5,260",1.20%,"6,466",0.10%,"1,959",0.20%,460,0.10%,770,0.40%,57,0.10%,"13,479",0.40%,"8,971",0.50%,333,0.20%,"1,762",0.50%,"10,693",0.50%,"12,232",1.00%,"3,983",0.70%,"3,525",0.80%,"7,408",1.00%,"3,856",0.60%,"1,731",0.70%,"1,093",0.10%,"1,495",0.10%,"15,985",0.90%,"3,927",0.40%,"3,553",0.90%,"8,386",0.80%,"1,482",0.90%,"1,539",0.50%,"1,277",0.30%,200,0.10%,874,0.10%,"2,338",0.70%,"7,133",0.30%,"13,454",0.80%,640,0.60%,"17,176",0.90%,"4,095",0.70%,"1,041",0.10%,"11,081",0.50%,432,0.20%,"7,297",0.80%,693,0.50%,"7,834",0.70%,"10,389",0.30%,"1,563",0.30%,345,0.30%,"6,087",0.40%,"2,020",0.20%,"4,277",1.60%,"5,146",0.50%,531,0.50%,"13,330",4.20%
            20 to 29 percent,"25,437",3.30%,861,0.80%,"22,819",1.90%,"17,923",4.20%,"16,402",0.30%,"8,377",0.80%,"2,265",0.40%,"2,837",1.50%,393,0.40%,"52,080",1.60%,"33,392",1.90%,614,0.30%,"7,459",2.30%,"33,324",1.60%,"40,985",3.30%,"16,308",2.90%,"11,358",2.50%,"20,329",2.90%,"12,531",2.00%,"4,639",1.80%,"5,293",0.50%,"2,876",0.30%,"45,761",2.60%,"12,319",1.10%,"17,086",4.30%,"31,294",3.10%,"3,183",1.80%,"5,597",1.80%,"6,301",1.30%,"1,272",0.50%,"5,013",0.30%,"8,361",2.60%,"22,484",0.90%,"45,764",2.60%,"1,999",1.70%,"61,799",3.10%,"16,808",3.00%,"7,028",1.00%,"40,132",1.90%,592,0.30%,"25,100",2.80%,"3,193",2.30%,"29,868",2.70%,"42,004",1.10%,"4,717",0.90%,"1,612",1.30%,"19,622",1.30%,"8,613",0.70%,"10,030",3.90%,"20,497",2.00%,"1,953",1.90%,"28,467",8.90%
            30 percent or more,"36,381",4.70%,"5,049",4.60%,"63,720",5.40%,"20,264",4.70%,"233,341",4.60%,"52,489",4.80%,"27,747",4.50%,"9,825",5.20%,"1,940",2.00%,"228,334",6.80%,"84,595",4.90%,"9,473",4.90%,"17,621",5.40%,"98,836",4.80%,"59,567",4.90%,"28,398",5.00%,"19,325",4.20%,"35,640",5.00%,"35,952",5.70%,"18,514",7.00%,"50,571",4.40%,"52,387",4.60%,"92,992",5.40%,"48,273",4.50%,"20,559",5.10%,"47,204",4.60%,"10,881",6.30%,"15,247",4.80%,"29,804",6.20%,"10,778",4.40%,"53,174",3.70%,"20,945",6.50%,"106,141",4.30%,"87,869",4.90%,"6,209",5.40%,"86,789",4.40%,"30,628",5.50%,"39,530",5.60%,"101,625",4.80%,"8,457",4.50%,"47,742",5.40%,"6,550",4.70%,"59,874",5.40%,"194,883",5.00%,"22,999",4.20%,"7,144",5.70%,"67,595",4.40%,"57,571",4.40%,"9,231",3.60%,"55,851",5.40%,"5,832",5.80%,"14,919",4.70%
"        $50,000 to $74,999","130,132",16.80%,"12,755",11.50%,"181,626",15.30%,"79,738",18.70%,"521,801",10.30%,"134,742",12.30%,"71,454",11.70%,"27,569",14.70%,"7,479",7.50%,"523,897",15.70%,"249,138",14.50%,"22,814",11.70%,"57,944",17.80%,"287,019",13.80%,"211,027",17.20%,"98,160",17.20%,"74,402",16.30%,"126,057",17.70%,"99,218",15.60%,"41,356",15.70%,"118,393",10.30%,"107,968",9.50%,"287,035",16.60%,"144,008",13.40%,"73,074",18.20%,"174,057",17.00%,"28,999",16.70%,"47,505",15.10%,"70,718",14.80%,"31,155",12.60%,"146,103",10.10%,"53,133",16.50%,"289,646",11.80%,"287,642",16.20%,"17,652",15.30%,"317,628",16.00%,"95,167",17.20%,"99,268",14.00%,"320,583",15.10%,"24,608",13.20%,"146,089",16.50%,"23,656",17.10%,"184,937",16.80%,"550,395",14.20%,"73,203",13.30%,"18,770",15.00%,"190,475",12.50%,"145,280",11.20%,"48,039",18.50%,"169,972",16.40%,"16,160",16.00%,"58,209",18.30%
            Less than 20 percent,"40,044",5.20%,"1,102",1.00%,"33,475",2.80%,"29,518",6.90%,"26,625",0.50%,"12,925",1.20%,"3,578",0.60%,"4,402",2.30%,"1,160",1.20%,"72,915",2.20%,"51,469",3.00%,"1,827",0.90%,"12,931",4.00%,"58,380",2.80%,"77,060",6.30%,"28,496",5.00%,"17,049",3.70%,"42,983",6.00%,"23,178",3.70%,"8,323",3.20%,"12,353",1.10%,"7,103",0.60%,"76,606",4.40%,"20,403",1.90%,"24,644",6.10%,"50,185",4.90%,"4,946",2.90%,"11,179",3.50%,"8,694",1.80%,"1,599",0.60%,"7,970",0.60%,"12,433",3.90%,"45,244",1.80%,"77,403",4.30%,"3,901",3.40%,"100,845",5.10%,"24,593",4.40%,"9,883",1.40%,"73,768",3.50%,"1,630",0.90%,"42,992",4.80%,"4,319",3.10%,"48,592",4.40%,"69,267",1.80%,"8,468",1.50%,"1,965",1.60%,"33,362",2.20%,"10,201",0.80%,"21,639",8.30%,"36,830",3.60%,"3,296",3.30%,"31,584",9.90%
            20 to 29 percent,"58,182",7.50%,"3,861",3.50%,"70,677",5.90%,"32,537",7.60%,"88,932",1.80%,"37,118",3.40%,"17,183",2.80%,"11,582",6.20%,"1,414",1.40%,"172,034",5.20%,"106,759",6.20%,"4,030",2.10%,"22,075",6.80%,"92,657",4.50%,"85,705",7.00%,"43,730",7.70%,"29,955",6.60%,"52,848",7.40%,"41,502",6.50%,"15,628",5.90%,"32,211",2.80%,"22,292",2.00%,"123,223",7.10%,"54,270",5.00%,"29,927",7.50%,"78,081",7.60%,"11,041",6.40%,"19,192",6.10%,"25,401",5.30%,"7,691",3.10%,"27,121",1.90%,"22,245",6.90%,"81,072",3.30%,"121,382",6.80%,"6,852",5.90%,"139,272",7.00%,"42,272",7.60%,"29,768",4.20%,"121,348",5.70%,"7,259",3.90%,"62,066",7.00%,"11,242",8.10%,"77,338",7.00%,"176,242",4.50%,"25,450",4.60%,"7,208",5.70%,"66,631",4.40%,"38,585",3.00%,"19,628",7.60%,"71,545",6.90%,"6,552",6.50%,"20,407",6.40%
            30 percent or more,"31,906",4.10%,"7,792",7.10%,"77,474",6.50%,"17,683",4.10%,"406,244",8.00%,"84,699",7.70%,"50,693",8.30%,"11,585",6.20%,"4,905",4.90%,"278,948",8.40%,"90,910",5.30%,"16,957",8.70%,"22,938",7.00%,"135,982",6.50%,"48,262",3.90%,"25,934",4.60%,"27,398",6.00%,"30,226",4.20%,"34,538",5.40%,"17,405",6.60%,"73,829",6.50%,"78,573",6.90%,"87,206",5.00%,"69,335",6.40%,"18,503",4.60%,"45,791",4.50%,"13,012",7.50%,"17,134",5.40%,"36,623",7.70%,"21,865",8.90%,"111,012",7.70%,"18,455",5.70%,"163,330",6.70%,"88,857",5.00%,"6,899",6.00%,"77,511",3.90%,"28,302",5.10%,"59,617",8.40%,"125,467",5.90%,"15,719",8.40%,"41,031",4.60%,"8,095",5.80%,"59,007",5.40%,"304,886",7.80%,"39,285",7.10%,"9,597",7.60%,"90,482",5.90%,"96,494",7.40%,"6,772",2.60%,"61,597",5.90%,"6,312",6.20%,"6,218",2.00%
"        $75,000 or more","466,373",60.30%,"84,093",76.10%,"781,818",65.70%,"247,078",57.90%,"3,878,649",76.40%,"807,665",73.80%,"471,523",76.90%,"128,707",68.40%,"82,248",83.00%,"2,117,391",63.40%,"1,156,442",67.40%,"145,924",75.10%,"205,596",63.10%,"1,446,902",69.70%,"767,289",62.60%,"372,308",65.30%,"304,862",66.70%,"432,371",60.60%,"391,873",61.70%,"167,134",63.30%,"876,204",76.60%,"899,161",78.80%,"1,089,461",62.90%,"785,128",72.90%,"219,268",54.70%,"649,594",63.30%,"111,199",64.20%,"217,096",68.90%,"313,995",65.80%,"186,949",75.80%,"1,144,592",79.50%,"189,473",58.80%,"1,822,204",74.40%,"1,138,092",63.90%,"81,133",70.10%,"1,288,019",64.80%,"337,370",61.00%,"492,909",69.80%,"1,440,918",67.80%,"138,062",74.00%,"548,156",61.80%,"93,945",67.90%,"687,579",62.50%,"2,741,389",70.60%,"413,455",75.00%,"83,547",66.60%,"1,112,286",73.00%,"996,821",76.70%,"154,074",59.30%,"694,294",67.00%,"66,818",66.10%,"85,005",26.70%
            Less than 20 percent,"372,515",48.20%,"46,113",41.80%,"542,879",45.60%,"200,893",47.00%,"1,798,599",35.40%,"467,047",42.70%,"262,162",42.80%,"92,288",49.10%,"46,219",46.60%,"1,270,420",38.00%,"813,781",47.40%,"64,045",32.90%,"141,032",43.30%,"922,266",44.40%,"622,522",50.80%,"277,800",48.80%,"216,588",47.40%,"337,738",47.40%,"280,010",44.10%,"109,551",41.50%,"545,137",47.60%,"480,673",42.10%,"811,975",46.90%,"515,064",47.80%,"166,760",41.60%,"493,849",48.20%,"70,029",40.40%,"155,936",49.50%,"193,287",40.50%,"99,974",40.50%,"584,431",40.60%,"137,102",42.50%,"977,760",39.90%,"852,116",47.90%,"53,719",46.40%,"984,966",49.60%,"249,972",45.20%,"284,629",40.30%,"1,021,551",48.10%,"81,573",43.70%,"404,622",45.60%,"61,306",44.30%,"497,799",45.20%,"1,633,585",42.10%,"261,510",47.50%,"50,084",39.90%,"713,161",46.80%,"540,781",41.60%,"129,927",50.00%,"482,606",46.60%,"43,160",42.70%,"69,137",21.70%
            20 to 29 percent,"76,469",9.90%,"25,678",23.30%,"187,163",15.70%,"36,895",8.60%,"1,191,345",23.50%,"237,982",21.80%,"143,003",23.30%,"29,210",15.50%,"22,901",23.10%,"586,186",17.50%,"253,826",14.80%,"40,677",20.90%,"47,773",14.70%,"383,332",18.50%,"119,337",9.70%,"77,087",13.50%,"69,557",15.20%,"74,527",10.50%,"85,040",13.40%,"43,585",16.50%,"237,283",20.70%,"275,226",24.10%,"221,679",12.80%,"207,941",19.30%,"42,672",10.60%,"126,335",12.30%,"31,300",18.10%,"48,560",15.40%,"89,301",18.70%,"64,088",26.00%,"353,918",24.60%,"41,107",12.80%,"485,754",19.80%,"224,115",12.60%,"22,431",19.40%,"244,042",12.30%,"70,301",12.70%,"144,727",20.50%,"318,431",15.00%,"41,468",22.20%,"108,663",12.30%,"25,837",18.70%,"147,673",13.40%,"795,194",20.50%,"115,362",20.90%,"25,976",20.70%,"291,015",19.10%,"310,297",23.90%,"19,666",7.60%,"168,961",16.30%,"18,825",18.60%,"11,979",3.80%
            30 percent or more,"17,389",2.20%,"12,302",11.10%,"51,776",4.40%,"9,290",2.20%,"888,705",17.50%,"102,636",9.40%,"66,358",10.80%,"7,209",3.80%,"13,128",13.20%,"260,785",7.80%,"88,835",5.20%,"41,202",21.20%,"16,791",5.20%,"141,304",6.80%,"25,430",2.10%,"17,421",3.10%,"18,717",4.10%,"20,106",2.80%,"26,823",4.20%,"13,998",5.30%,"93,784",8.20%,"143,262",12.60%,"55,807",3.20%,"62,123",5.80%,"9,836",2.50%,"29,410",2.90%,"9,870",5.70%,"12,600",4.00%,"31,407",6.60%,"22,887",9.30%,"206,243",14.30%,"11,264",3.50%,"358,690",14.60%,"61,861",3.50%,"4,983",4.30%,"59,011",3.00%,"17,097",3.10%,"63,553",9.00%,"100,936",4.70%,"15,021",8.10%,"34,871",3.90%,"6,802",4.90%,"42,107",3.80%,"312,610",8.00%,"36,583",6.60%,"7,487",6.00%,"108,110",7.10%,"145,743",11.20%,"4,481",1.70%,"42,727",4.10%,"4,833",4.80%,"3,889",1.20%
        Zero or negative income,"5,332",0.70%,400,0.40%,"8,682",0.70%,"2,857",0.70%,"32,199",0.60%,"4,424",0.40%,"2,520",0.40%,"1,013",0.50%,606,0.60%,"24,424",0.70%,"10,252",0.60%,"2,282",1.20%,"1,253",0.40%,"10,329",0.50%,"4,360",0.40%,"2,157",0.40%,"1,747",0.40%,"3,968",0.60%,"4,051",0.60%,"1,075",0.40%,"6,647",0.60%,"4,600",0.40%,"8,083",0.50%,"4,818",0.40%,"3,098",0.80%,"5,784",0.60%,375,0.20%,"1,489",0.50%,"3,666",0.80%,542,0.20%,"5,974",0.40%,"2,319",0.70%,"11,964",0.50%,"9,506",0.50%,111,0.10%,"8,735",0.40%,"3,323",0.60%,"2,434",0.30%,"11,168",0.50%,572,0.30%,"4,594",0.50%,680,0.50%,"4,744",0.40%,"20,012",0.50%,"1,177",0.20%,338,0.30%,"7,043",0.50%,"4,686",0.40%,"1,817",0.70%,"4,480",0.40%,72,0.10%,"5,345",1.70%
    REAL ESTATE TAXES,,,,,,,,,,,,,,,,,,,,,,,,,,,,,,,,,,,,,,,,,,,,,,,,,,,,,,,,,,,,,,,,,,,,,,,,,,,,,,,,,,,,,,,,,,,,,,,,,,,,,,,,
        Less than $800,"327,796",42.40%,"4,405",4.00%,"138,034",11.60%,"137,458",32.20%,"139,271",2.70%,"67,814",6.20%,"10,579",1.70%,"25,228",13.40%,"5,425",5.50%,"270,731",8.10%,"175,004",10.20%,"26,280",13.50%,"22,176",6.80%,"77,952",3.80%,"248,505",20.30%,"32,466",5.70%,"28,157",6.20%,"116,721",16.40%,"166,892",26.30%,"11,808",4.50%,"32,131",2.80%,"25,563",2.20%,"79,911",4.60%,"52,190",4.80%,"83,895",20.90%,"143,632",14.00%,"10,392",6.00%,"12,805",4.10%,"58,379",12.20%,"3,908",1.60%,"14,191",1.00%,"38,771",12.00%,"66,675",2.70%,"190,996",10.70%,"9,141",7.90%,"134,332",6.80%,"85,215",15.40%,"16,375",2.30%,"145,640",6.90%,"3,808",2.00%,"193,986",21.90%,"6,776",4.90%,"214,500",19.50%,"187,657",4.80%,"20,471",3.70%,"1,933",1.50%,"137,263",9.00%,"45,541",3.50%,"91,389",35.20%,"25,358",2.40%,"9,807",9.70%,"35,983",11.30%
"        $800 to $1,499","190,633",24.70%,"7,753",7.00%,"297,423",25.00%,"115,050",26.90%,"272,513",5.40%,"180,862",16.50%,"11,424",1.90%,"48,487",25.80%,"7,470",7.50%,"489,804",14.70%,"273,630",15.90%,"35,615",18.30%,"74,202",22.80%,"120,863",5.80%,"329,989",26.90%,"80,918",14.20%,"69,180",15.10%,"186,686",26.20%,"130,212",20.50%,"31,309",11.90%,"70,425",6.20%,"40,505",3.60%,"228,396",13.20%,"105,347",9.80%,"97,424",24.30%,"228,299",22.30%,"24,258",14.00%,"29,040",9.20%,"114,194",23.90%,"4,600",1.90%,"13,366",0.90%,"76,162",23.60%,"92,686",3.80%,"442,220",24.80%,"16,230",14.00%,"304,102",15.30%,"118,898",21.50%,"48,154",6.80%,"253,944",11.90%,"5,131",2.80%,"292,333",33.00%,"21,991",15.90%,"319,494",29.00%,"234,225",6.00%,"78,331",14.20%,"4,192",3.30%,"230,792",15.10%,"70,185",5.40%,"89,794",34.60%,"66,795",6.40%,"30,685",30.30%,"16,623",5.20%
"        $1,500 or more","166,362",21.50%,"88,188",79.90%,"712,850",59.90%,"150,228",35.20%,"4,558,161",89.80%,"819,696",74.90%,"582,021",94.90%,"106,613",56.70%,"83,511",84.30%,"2,463,422",73.80%,"1,215,336",70.80%,"119,187",61.30%,"219,185",67.30%,"1,828,578",88.10%,"613,784",50.10%,"442,417",77.60%,"349,867",76.50%,"384,758",54.00%,"258,956",40.80%,"217,395",82.40%,"1,004,277",87.80%,"1,054,109",92.40%,"1,355,841",78.20%,"901,808",83.70%,"160,562",40.10%,"630,171",61.40%,"134,611",77.70%,"263,124",83.50%,"286,652",60.00%,"235,062",95.30%,"1,381,642",96.00%,"187,722",58.20%,"2,156,914",88.00%,"1,110,350",62.40%,"85,309",73.70%,"1,500,055",75.50%,"318,292",57.50%,"630,042",89.20%,"1,685,450",79.30%,"175,255",94.00%,"371,496",41.90%,"106,412",76.90%,"525,112",47.70%,"3,277,256",84.40%,"436,642",79.30%,"117,877",93.90%,"1,101,814",72.30%,"1,155,040",88.90%,"70,651",27.20%,"932,529",90.00%,"58,452",57.80%,"12,672",4.00%
        No real estate taxes paid,"88,555",11.50%,"10,094",9.10%,"41,124",3.50%,"24,292",5.70%,"106,587",2.10%,"25,421",2.30%,"9,120",1.50%,"7,808",4.20%,"2,688",2.70%,"116,190",3.50%,"52,223",3.00%,"13,302",6.80%,"10,022",3.10%,"48,774",2.30%,"32,669",2.70%,"14,040",2.50%,"9,957",2.20%,"24,899",3.50%,"78,575",12.40%,"3,457",1.30%,"37,395",3.30%,"20,599",1.80%,"68,618",4.00%,"17,986",1.70%,"58,876",14.70%,"23,430",2.30%,"3,957",2.30%,"9,970",3.20%,"18,239",3.80%,"3,031",1.20%,"30,609",2.10%,"19,653",6.10%,"134,511",5.50%,"36,570",2.10%,"5,040",4.40%,"47,804",2.40%,"30,784",5.60%,"12,013",1.70%,"40,733",1.90%,"2,297",1.20%,"29,088",3.30%,"3,210",2.30%,"41,070",3.70%,"185,359",4.80%,"15,519",2.80%,"1,475",1.20%,"53,706",3.50%,"28,598",2.20%,"8,058",3.10%,"11,740",1.10%,"2,165",2.10%,"252,909",79.50%
        Median (dollars),842,842,"4,039","4,039","1,873","1,873","1,183","1,183","5,479","5,479","2,529","2,529","6,270","6,270","1,744","1,744","4,268","4,268","2,765","2,765","2,506","2,506","2,165","2,165","2,086","2,086","5,350","5,350","1,550","1,550","2,883","2,883","2,828","2,828","1,688","1,688","1,396","1,396","2,915","2,915","3,857","3,857","5,552","5,552","2,968","2,968","3,189","3,189","1,427","1,427","1,960","1,960","2,602","2,602","3,579","3,579","1,940","1,940","6,407","6,407","9,085","9,085","1,920","1,920","6,566","6,566","1,938","1,938","2,673","2,673","2,844","2,844","1,839","1,839","3,771","3,771","3,443","3,443","4,742","4,742","1,363","1,363","2,726","2,726","1,490","1,490","5,123","5,123","2,385","2,385","4,904","4,904","2,837","2,837","4,400","4,400","1,012","1,012","3,587","3,587","1,729","1,729",716,716