Label (Grouping),Alabama!!Total!!Estimate,Alabama!!Married-couple family household!!Estimate,"Alabama!!Male householder, no spouse present, family household!!Estimate","Alabama!!Female householder, no spouse present, family household!!Estimate",Alabama!!Nonfamily household!!Estimate,Alaska!!Total!!Estimate,Alaska!!Married-couple family household!!Estimate,"Alaska!!Male householder, no spouse present, family household!!Estimate","Alaska!!Female householder, no spouse present, family household!!Estimate",Alaska!!Nonfamily household!!Estimate,Arizona!!Total!!Estimate,Arizona!!Married-couple family household!!Estimate,"Arizona!!Male householder, no spouse present, family household!!Estimate","Arizona!!Female householder, no spouse present, family household!!Estimate",Arizona!!Nonfamily household!!Estimate,Arkansas!!Total!!Estimate,Arkansas!!Married-couple family household!!Estimate,"Arkansas!!Male householder, no spouse present, family household!!Estimate","Arkansas!!Female householder, no spouse present, family household!!Estimate",Arkansas!!Nonfamily household!!Estimate,California!!Total!!Estimate,California!!Married-couple family household!!Estimate,"California!!Male householder, no spouse present, family household!!Estimate","California!!Female householder, no spouse present, family household!!Estimate",California!!Nonfamily household!!Estimate,Colorado!!Total!!Estimate,Colorado!!Married-couple family household!!Estimate,"Colorado!!Male householder, no spouse present, family household!!Estimate","Colorado!!Female householder, no spouse present, family household!!Estimate",Colorado!!Nonfamily household!!Estimate,Connecticut!!Total!!Estimate,Connecticut!!Married-couple family household!!Estimate,"Connecticut!!Male householder, no spouse present, family household!!Estimate","Connecticut!!Female householder, no spouse present, family household!!Estimate",Connecticut!!Nonfamily household!!Estimate,Delaware!!Total!!Estimate,Delaware!!Married-couple family household!!Estimate,"Delaware!!Male householder, no spouse present, family household!!Estimate","Delaware!!Female householder, no spouse present, family household!!Estimate",Delaware!!Nonfamily household!!Estimate,District of Columbia!!Total!!Estimate,District of Columbia!!Married-couple family household!!Estimate,"District of Columbia!!Male householder, no spouse present, family household!!Estimate","District of Columbia!!Female householder, no spouse present, family household!!Estimate",District of Columbia!!Nonfamily household!!Estimate,Florida!!Total!!Estimate,Florida!!Married-couple family household!!Estimate,"Florida!!Male householder, no spouse present, family household!!Estimate","Florida!!Female householder, no spouse present, family household!!Estimate",Florida!!Nonfamily household!!Estimate,Georgia!!Total!!Estimate,Georgia!!Married-couple family household!!Estimate,"Georgia!!Male householder, no spouse present, family household!!Estimate","Georgia!!Female householder, no spouse present, family household!!Estimate",Georgia!!Nonfamily household!!Estimate,Hawaii!!Total!!Estimate,Hawaii!!Married-couple family household!!Estimate,"Hawaii!!Male householder, no spouse present, family household!!Estimate","Hawaii!!Female householder, no spouse present, family household!!Estimate",Hawaii!!Nonfamily household!!Estimate,Idaho!!Total!!Estimate,Idaho!!Married-couple family household!!Estimate,"Idaho!!Male householder, no spouse present, family household!!Estimate","Idaho!!Female householder, no spouse present, family household!!Estimate",Idaho!!Nonfamily household!!Estimate,Illinois!!Total!!Estimate,Illinois!!Married-couple family household!!Estimate,"Illinois!!Male householder, no spouse present, family household!!Estimate","Illinois!!Female householder, no spouse present, family household!!Estimate",Illinois!!Nonfamily household!!Estimate,Indiana!!Total!!Estimate,Indiana!!Married-couple family household!!Estimate,"Indiana!!Male householder, no spouse present, family household!!Estimate","Indiana!!Female householder, no spouse present, family household!!Estimate",Indiana!!Nonfamily household!!Estimate,Iowa!!Total!!Estimate,Iowa!!Married-couple family household!!Estimate,"Iowa!!Male householder, no spouse present, family household!!Estimate","Iowa!!Female householder, no spouse present, family household!!Estimate",Iowa!!Nonfamily household!!Estimate,Kansas!!Total!!Estimate,Kansas!!Married-couple family household!!Estimate,"Kansas!!Male householder, no spouse present, family household!!Estimate","Kansas!!Female householder, no spouse present, family household!!Estimate",Kansas!!Nonfamily household!!Estimate,Kentucky!!Total!!Estimate,Kentucky!!Married-couple family household!!Estimate,"Kentucky!!Male householder, no spouse present, family household!!Estimate","Kentucky!!Female householder, no spouse present, family household!!Estimate",Kentucky!!Nonfamily household!!Estimate,Louisiana!!Total!!Estimate,Louisiana!!Married-couple family household!!Estimate,"Louisiana!!Male householder, no spouse present, family household!!Estimate","Louisiana!!Female householder, no spouse present, family household!!Estimate",Louisiana!!Nonfamily household!!Estimate,Maine!!Total!!Estimate,Maine!!Married-couple family household!!Estimate,"Maine!!Male householder, no spouse present, family household!!Estimate","Maine!!Female householder, no spouse present, family household!!Estimate",Maine!!Nonfamily household!!Estimate,Maryland!!Total!!Estimate,Maryland!!Married-couple family household!!Estimate,"Maryland!!Male householder, no spouse present, family household!!Estimate","Maryland!!Female householder, no spouse present, family household!!Estimate",Maryland!!Nonfamily household!!Estimate,Massachusetts!!Total!!Estimate,Massachusetts!!Married-couple family household!!Estimate,"Massachusetts!!Male householder, no spouse present, family household!!Estimate","Massachusetts!!Female householder, no spouse present, family household!!Estimate",Massachusetts!!Nonfamily household!!Estimate,Michigan!!Total!!Estimate,Michigan!!Married-couple family household!!Estimate,"Michigan!!Male householder, no spouse present, family household!!Estimate","Michigan!!Female householder, no spouse present, family household!!Estimate",Michigan!!Nonfamily household!!Estimate,Minnesota!!Total!!Estimate,Minnesota!!Married-couple family household!!Estimate,"Minnesota!!Male householder, no spouse present, family household!!Estimate","Minnesota!!Female householder, no spouse present, family household!!Estimate",Minnesota!!Nonfamily household!!Estimate,Mississippi!!Total!!Estimate,Mississippi!!Married-couple family household!!Estimate,"Mississippi!!Male householder, no spouse present, family household!!Estimate","Mississippi!!Female householder, no spouse present, family household!!Estimate",Mississippi!!Nonfamily household!!Estimate,Missouri!!Total!!Estimate,Missouri!!Married-couple family household!!Estimate,"Missouri!!Male householder, no spouse present, family household!!Estimate","Missouri!!Female householder, no spouse present, family household!!Estimate",Missouri!!Nonfamily household!!Estimate,Montana!!Total!!Estimate,Montana!!Married-couple family household!!Estimate,"Montana!!Male householder, no spouse present, family household!!Estimate","Montana!!Female householder, no spouse present, family household!!Estimate",Montana!!Nonfamily household!!Estimate,Nebraska!!Total!!Estimate,Nebraska!!Married-couple family household!!Estimate,"Nebraska!!Male householder, no spouse present, family household!!Estimate","Nebraska!!Female householder, no spouse present, family household!!Estimate",Nebraska!!Nonfamily household!!Estimate,Nevada!!Total!!Estimate,Nevada!!Married-couple family household!!Estimate,"Nevada!!Male householder, no spouse present, family household!!Estimate","Nevada!!Female householder, no spouse present, family household!!Estimate",Nevada!!Nonfamily household!!Estimate,New Hampshire!!Total!!Estimate,New Hampshire!!Married-couple family household!!Estimate,"New Hampshire!!Male householder, no spouse present, family household!!Estimate","New Hampshire!!Female householder, no spouse present, family household!!Estimate",New Hampshire!!Nonfamily household!!Estimate,New Jersey!!Total!!Estimate,New Jersey!!Married-couple family household!!Estimate,"New Jersey!!Male householder, no spouse present, family household!!Estimate","New Jersey!!Female householder, no spouse present, family household!!Estimate",New Jersey!!Nonfamily household!!Estimate,New Mexico!!Total!!Estimate,New Mexico!!Married-couple family household!!Estimate,"New Mexico!!Male householder, no spouse present, family household!!Estimate","New Mexico!!Female householder, no spouse present, family household!!Estimate",New Mexico!!Nonfamily household!!Estimate,New York!!Total!!Estimate,New York!!Married-couple family household!!Estimate,"New York!!Male householder, no spouse present, family household!!Estimate","New York!!Female householder, no spouse present, family household!!Estimate",New York!!Nonfamily household!!Estimate,North Carolina!!Total!!Estimate,North Carolina!!Married-couple family household!!Estimate,"North Carolina!!Male householder, no spouse present, family household!!Estimate","North Carolina!!Female householder, no spouse present, family household!!Estimate",North Carolina!!Nonfamily household!!Estimate,North Dakota!!Total!!Estimate,North Dakota!!Married-couple family household!!Estimate,"North Dakota!!Male householder, no spouse present, family household!!Estimate","North Dakota!!Female householder, no spouse present, family household!!Estimate",North Dakota!!Nonfamily household!!Estimate,Ohio!!Total!!Estimate,Ohio!!Married-couple family household!!Estimate,"Ohio!!Male householder, no spouse present, family household!!Estimate","Ohio!!Female householder, no spouse present, family household!!Estimate",Ohio!!Nonfamily household!!Estimate,Oklahoma!!Total!!Estimate,Oklahoma!!Married-couple family household!!Estimate,"Oklahoma!!Male householder, no spouse present, family household!!Estimate","Oklahoma!!Female householder, no spouse present, family household!!Estimate",Oklahoma!!Nonfamily household!!Estimate,Oregon!!Total!!Estimate,Oregon!!Married-couple family household!!Estimate,"Oregon!!Male householder, no spouse present, family household!!Estimate","Oregon!!Female householder, no spouse present, family household!!Estimate",Oregon!!Nonfamily household!!Estimate,Pennsylvania!!Total!!Estimate,Pennsylvania!!Married-couple family household!!Estimate,"Pennsylvania!!Male householder, no spouse present, family household!!Estimate","Pennsylvania!!Female householder, no spouse present, family household!!Estimate",Pennsylvania!!Nonfamily household!!Estimate,Rhode Island!!Total!!Estimate,Rhode Island!!Married-couple family household!!Estimate,"Rhode Island!!Male householder, no spouse present, family household!!Estimate","Rhode Island!!Female householder, no spouse present, family household!!Estimate",Rhode Island!!Nonfamily household!!Estimate,South Carolina!!Total!!Estimate,South Carolina!!Married-couple family household!!Estimate,"South Carolina!!Male householder, no spouse present, family household!!Estimate","South Carolina!!Female householder, no spouse present, family household!!Estimate",South Carolina!!Nonfamily household!!Estimate,South Dakota!!Total!!Estimate,South Dakota!!Married-couple family household!!Estimate,"South Dakota!!Male householder, no spouse present, family household!!Estimate","South Dakota!!Female householder, no spouse present, family household!!Estimate",South Dakota!!Nonfamily household!!Estimate,Tennessee!!Total!!Estimate,Tennessee!!Married-couple family household!!Estimate,"Tennessee!!Male householder, no spouse present, family household!!Estimate","Tennessee!!Female householder, no spouse present, family household!!Estimate",Tennessee!!Nonfamily household!!Estimate,Texas!!Total!!Estimate,Texas!!Married-couple family household!!Estimate,"Texas!!Male householder, no spouse present, family household!!Estimate","Texas!!Female householder, no spouse present, family household!!Estimate",Texas!!Nonfamily household!!Estimate,Utah!!Total!!Estimate,Utah!!Married-couple family household!!Estimate,"Utah!!Male householder, no spouse present, family household!!Estimate","Utah!!Female householder, no spouse present, family household!!Estimate",Utah!!Nonfamily household!!Estimate,Vermont!!Total!!Estimate,Vermont!!Married-couple family household!!Estimate,"Vermont!!Male householder, no spouse present, family household!!Estimate","Vermont!!Female householder, no spouse present, family household!!Estimate",Vermont!!Nonfamily household!!Estimate,Virginia!!Total!!Estimate,Virginia!!Married-couple family household!!Estimate,"Virginia!!Male householder, no spouse present, family household!!Estimate","Virginia!!Female householder, no spouse present, family household!!Estimate",Virginia!!Nonfamily household!!Estimate,Washington!!Total!!Estimate,Washington!!Married-couple family household!!Estimate,"Washington!!Male householder, no spouse present, family household!!Estimate","Washington!!Female householder, no spouse present, family household!!Estimate",Washington!!Nonfamily household!!Estimate,West Virginia!!Total!!Estimate,West Virginia!!Married-couple family household!!Estimate,"West Virginia!!Male householder, no spouse present, family household!!Estimate","West Virginia!!Female householder, no spouse present, family household!!Estimate",West Virginia!!Nonfamily household!!Estimate,Wisconsin!!Total!!Estimate,Wisconsin!!Married-couple family household!!Estimate,"Wisconsin!!Male householder, no spouse present, family household!!Estimate","Wisconsin!!Female householder, no spouse present, family household!!Estimate",Wisconsin!!Nonfamily household!!Estimate,Wyoming!!Total!!Estimate,Wyoming!!Married-couple family household!!Estimate,"Wyoming!!Male householder, no spouse present, family household!!Estimate","Wyoming!!Female householder, no spouse present, family household!!Estimate",Wyoming!!Nonfamily household!!Estimate,Puerto Rico!!Total!!Estimate,Puerto Rico!!Married-couple family household!!Estimate,"Puerto Rico!!Male householder, no spouse present, family household!!Estimate","Puerto Rico!!Female householder, no spouse present, family household!!Estimate",Puerto Rico!!Nonfamily household!!Estimate
HOUSEHOLDS,,,,,,,,,,,,,,,,,,,,,,,,,,,,,,,,,,,,,,,,,,,,,,,,,,,,,,,,,,,,,,,,,,,,,,,,,,,,,,,,,,,,,,,,,,,,,,,,,,,,,,,,,,,,,,,,,,,,,,,,,,,,,,,,,,,,,,,,,,,,,,,,,,,,,,,,,,,,,,,,,,,,,,,,,,,,,,,,,,,,,,,,,,,,,,,,,,,,,,,,,,,,,,,,,,,,,,,,,,,,,,,,,,,,,,,,,,,,,,,,,,,,,,,,,,,,,,,,,,,,
    Total households,"2,016,448","941,596","90,528","276,864","707,460","274,574","129,511","17,440","28,838","98,785","2,850,377","1,332,270","174,058","337,202","1,006,847","1,216,207","572,596","57,647","147,690","438,274","13,550,586","6,516,115","870,396","1,764,293","4,399,782","2,384,584","1,144,446","109,859","209,877","920,402","1,433,635","658,900","70,662","172,977","531,096","402,334","197,223","19,368","47,294","138,449","326,970","77,550","7,600","38,718","203,102","8,826,394","4,119,638","460,440","1,104,321","3,141,995","4,092,467","1,917,471","200,003","615,760","1,359,233","494,827","240,727","27,276","67,049","159,775","717,151","396,372","32,519","62,182","226,078","5,056,360","2,282,497","247,142","608,284","1,918,437","2,726,489","1,307,913","132,584","299,609","986,383","1,330,995","646,759","59,962","115,239","509,035","1,175,294","574,286","54,468","111,653","434,887","1,828,680","860,710","91,926","219,489","656,555","1,816,902","754,142","93,957","283,038","685,765","605,338","292,681","26,729","51,525","234,403","2,375,984","1,104,626","124,762","316,894","829,702","2,797,776","1,263,224","130,488","330,643","1,073,421","4,089,794","1,868,821","200,271","479,468","1,541,234","2,322,190","1,147,255","107,485","201,572","865,878","1,148,340","503,356","59,370","191,538","394,076","2,521,832","1,168,049","123,769","277,917","952,097","464,072","223,380","20,899","37,937","181,856","803,157","390,540","33,799","77,256","301,562","1,198,356","530,175","83,568","159,923","424,690","557,220","285,354","25,605","47,161","199,100","3,516,978","1,753,523","181,566","443,370","1,138,519","848,218","344,144","54,774","117,546","331,754","7,774,308","3,288,930","399,804","1,049,498","3,036,076","4,299,266","2,057,368","189,029","539,100","1,513,769","331,481","156,026","12,766","24,969","137,720","4,878,206","2,173,755","228,796","580,594","1,895,061","1,573,180","746,847","85,224","185,515","555,594","1,726,340","788,221","82,721","170,141","685,257","5,294,065","2,462,324","238,782","593,708","1,999,251","446,688","188,207","27,767","50,961","179,753","2,136,080","1,018,293","94,418","285,701","737,668","368,300","177,786","18,524","28,543","143,447","2,846,684","1,342,153","139,454","364,965","1,000,112","11,087,708","5,401,546","605,432","1,476,398","3,604,332","1,129,660","672,316","57,561","100,722","299,061","277,090","131,234","11,709","21,553","112,594","3,380,607","1,642,002","158,347","391,567","1,188,691","3,079,953","1,499,199","145,218","291,028","1,144,508","736,341","338,510","39,378","85,176","273,277","2,491,121","1,171,977","112,626","226,502","980,016","243,321","119,329","12,725","21,311","89,956","1,289,311","449,853","88,458","282,477","468,523"
    Average household size,2.45,3.08,3.22,3.27,1.18,2.56,3.26,3.42,3.39,1.26,2.53,3.16,3.19,3.36,1.29,2.44,3.1,3.07,3.31,1.19,2.82,3.51,3.5,3.58,1.35,2.4,3.07,3.01,3.12,1.33,2.45,3.16,3.12,3.19,1.23,2.47,3.02,3.2,3.58,1.22,1.94,2.98,2.78,3.37,1.24,2.47,3.06,3.2,3.34,1.28,2.61,3.24,3.33,3.4,1.25,2.83,3.54,3.71,3.51,1.33,2.63,3.23,3.21,3.34,1.32,2.43,3.17,3.14,3.21,1.22,2.44,3.13,3.09,3.16,1.23,2.33,3,3.01,3.03,1.24,2.43,3.12,3.17,3.15,1.23,2.4,3.05,3.07,3.13,1.21,2.46,3.12,3.16,3.49,1.21,2.23,2.81,3,2.98,1.25,2.54,3.26,3.17,3.22,1.24,2.41,3.13,2.97,3.05,1.3,2.4,3.08,3.05,3.22,1.24,2.4,3.07,3.03,3.18,1.26,2.48,3.1,3.1,3.35,1.17,2.38,3.07,3.05,3.18,1.23,2.36,3,3.18,3.19,1.29,2.39,3.11,3.09,3.05,1.22,2.62,3.27,3.44,3.56,1.3,2.44,3.02,3.16,3.42,1.28,2.59,3.27,3.07,3.2,1.21,2.44,3.14,3.36,3.44,1.21,2.45,3.26,3.03,3.21,1.24,2.42,3.04,3.09,3.19,1.23,2.26,3,2.76,3.04,1.25,2.35,3.05,3.05,3.12,1.23,2.48,3.16,3.14,3.2,1.23,2.4,3.07,3.12,3.18,1.35,2.37,3.05,3,3.13,1.23,2.35,3.09,3.2,3.02,1.25,2.41,3,3.03,3.18,1.21,2.38,3.06,3.2,3.47,1.22,2.43,3.04,3.12,3.16,1.23,2.65,3.34,3.19,3.37,1.23,2.95,3.57,3.26,3.22,1.4,2.25,2.87,3.14,2.93,1.29,2.5,3.16,3.14,3.24,1.26,2.48,3.14,3.2,3.25,1.33,2.34,2.99,3.06,3.1,1.2,2.31,2.98,2.98,3.09,1.26,2.33,3,2.68,3.11,1.21,2.47,3.13,3.43,3.3,1.16
FAMILIES,,,,,,,,,,,,,,,,,,,,,,,,,,,,,,,,,,,,,,,,,,,,,,,,,,,,,,,,,,,,,,,,,,,,,,,,,,,,,,,,,,,,,,,,,,,,,,,,,,,,,,,,,,,,,,,,,,,,,,,,,,,,,,,,,,,,,,,,,,,,,,,,,,,,,,,,,,,,,,,,,,,,,,,,,,,,,,,,,,,,,,,,,,,,,,,,,,,,,,,,,,,,,,,,,,,,,,,,,,,,,,,,,,,,,,,,,,,,,,,,,,,,,,,,,,,,,,,,,,,,
    Total families,"1,308,988","941,596","90,528","276,864",(X),"175,789","129,511","17,440","28,838",(X),"1,843,530","1,332,270","174,058","337,202",(X),"777,933","572,596","57,647","147,690",(X),"9,150,804","6,516,115","870,396","1,764,293",(X),"1,464,182","1,144,446","109,859","209,877",(X),"902,539","658,900","70,662","172,977",(X),"263,885","197,223","19,368","47,294",(X),"123,868","77,550","7,600","38,718",(X),"5,684,399","4,119,638","460,440","1,104,321",(X),"2,733,234","1,917,471","200,003","615,760",(X),"335,052","240,727","27,276","67,049",(X),"491,073","396,372","32,519","62,182",(X),"3,137,923","2,282,497","247,142","608,284",(X),"1,740,106","1,307,913","132,584","299,609",(X),"821,960","646,759","59,962","115,239",(X),"740,407","574,286","54,468","111,653",(X),"1,172,125","860,710","91,926","219,489",(X),"1,131,137","754,142","93,957","283,038",(X),"370,935","292,681","26,729","51,525",(X),"1,546,282","1,104,626","124,762","316,894",(X),"1,724,355","1,263,224","130,488","330,643",(X),"2,548,560","1,868,821","200,271","479,468",(X),"1,456,312","1,147,255","107,485","201,572",(X),"754,264","503,356","59,370","191,538",(X),"1,569,735","1,168,049","123,769","277,917",(X),"282,216","223,380","20,899","37,937",(X),"501,595","390,540","33,799","77,256",(X),"773,666","530,175","83,568","159,923",(X),"358,120","285,354","25,605","47,161",(X),"2,378,459","1,753,523","181,566","443,370",(X),"516,464","344,144","54,774","117,546",(X),"4,738,232","3,288,930","399,804","1,049,498",(X),"2,785,497","2,057,368","189,029","539,100",(X),"193,761","156,026","12,766","24,969",(X),"2,983,145","2,173,755","228,796","580,594",(X),"1,017,586","746,847","85,224","185,515",(X),"1,041,083","788,221","82,721","170,141",(X),"3,294,814","2,462,324","238,782","593,708",(X),"266,935","188,207","27,767","50,961",(X),"1,398,412","1,018,293","94,418","285,701",(X),"224,853","177,786","18,524","28,543",(X),"1,846,572","1,342,153","139,454","364,965",(X),"7,483,376","5,401,546","605,432","1,476,398",(X),"830,599","672,316","57,561","100,722",(X),"164,496","131,234","11,709","21,553",(X),"2,191,916","1,642,002","158,347","391,567",(X),"1,935,445","1,499,199","145,218","291,028",(X),"463,064","338,510","39,378","85,176",(X),"1,511,105","1,171,977","112,626","226,502",(X),"153,365","119,329","12,725","21,311",(X),"820,788","449,853","88,458","282,477",(X)
    Average family size,3.06,3.06,2.88,3.12,(X),3.16,3.21,2.99,3.08,(X),3.1,3.14,2.78,3.09,(X),3.06,3.08,2.73,3.12,(X),3.39,3.46,3.09,3.31,(X),2.99,3.04,2.67,2.91,(X),3.07,3.13,2.7,2.98,(X),3.04,3,2.72,3.32,(X),3.02,2.95,2.56,3.24,(X),3.03,3.03,2.81,3.11,(X),3.19,3.21,2.97,3.21,(X),3.37,3.43,3.2,3.23,(X),3.14,3.19,2.8,3.04,(X),3.1,3.15,2.77,3.03,(X),3.05,3.1,2.73,2.95,(X),2.93,2.99,2.62,2.78,(X),3.04,3.09,2.79,2.93,(X),2.97,3.03,2.65,2.87,(X),3.13,3.11,2.79,3.32,(X),2.73,2.78,2.43,2.64,(X),3.14,3.22,2.76,3.01,(X),3.02,3.11,2.63,2.83,(X),3.02,3.06,2.67,3,(X),3.01,3.05,2.66,2.92,(X),3.09,3.08,2.8,3.19,(X),3,3.05,2.67,2.94,(X),2.95,2.97,2.75,2.93,(X),3.02,3.09,2.64,2.83,(X),3.21,3.23,3,3.28,(X),2.98,2.99,2.7,3.1,(X),3.16,3.25,2.69,2.98,(X),3.12,3.12,2.93,3.23,(X),3.12,3.22,2.69,3,(X),3,3.02,2.73,3.01,(X),2.93,2.98,2.45,2.83,(X),2.98,3.04,2.67,2.9,(X),3.07,3.13,2.75,2.98,(X),2.97,3.03,2.65,2.85,(X),2.99,3.04,2.67,2.93,(X),2.99,3.08,2.72,2.83,(X),2.97,2.98,2.72,3.01,(X),3.05,3.05,2.81,3.21,(X),2.99,3.02,2.76,2.97,(X),3.25,3.32,2.84,3.17,(X),3.42,3.53,2.89,2.97,(X),2.81,2.85,2.73,2.62,(X),3.08,3.13,2.8,3.02,(X),3.05,3.1,2.73,2.96,(X),2.92,2.96,2.63,2.89,(X),2.92,2.96,2.59,2.84,(X),2.91,2.99,2.4,2.76,(X),3.1,3.12,2.96,3.12,(X)
AGE OF OWN CHILDREN,,,,,,,,,,,,,,,,,,,,,,,,,,,,,,,,,,,,,,,,,,,,,,,,,,,,,,,,,,,,,,,,,,,,,,,,,,,,,,,,,,,,,,,,,,,,,,,,,,,,,,,,,,,,,,,,,,,,,,,,,,,,,,,,,,,,,,,,,,,,,,,,,,,,,,,,,,,,,,,,,,,,,,,,,,,,,,,,,,,,,,,,,,,,,,,,,,,,,,,,,,,,,,,,,,,,,,,,,,,,,,,,,,,,,,,,,,,,,,,,,,,,,,,,,,,,,,,,,,,,
    Households with own children of the householder under 18 years,"505,646","331,807","37,640","136,199",(X),"76,129","50,621","9,317","16,191",(X),"717,526","472,925","80,190","164,411",(X),"315,961","210,731","26,799","78,431",(X),"3,774,330","2,657,802","343,835","772,693",(X),"600,643","442,398","51,446","106,799",(X),"367,812","248,321","29,653","89,838",(X),"94,985","60,913","10,146","23,926",(X),"48,986","28,364","2,457","18,165",(X),"2,025,162","1,323,006","198,015","504,141",(X),"1,138,456","738,907","86,891","312,658",(X),"121,681","84,575","9,995","27,111",(X),"212,098","161,659","16,621","33,818",(X),"1,288,511","875,853","107,324","305,334",(X),"731,718","499,515","64,245","167,958",(X),"345,852","244,458","32,881","68,513",(X),"322,576","231,134","29,451","61,991",(X),"467,404","313,155","42,448","111,801",(X),"469,170","269,364","46,561","153,245",(X),"129,788","87,836","15,540","26,412",(X),"648,420","441,981","53,853","152,586",(X),"699,430","482,840","57,764","158,826",(X),"981,987","653,677","93,008","235,302",(X),"611,423","443,760","53,696","113,967",(X),"305,090","181,613","26,213","97,264",(X),"635,899","422,729","61,715","151,455",(X),"108,850","77,775","11,285","19,790",(X),"226,142","160,712","18,961","46,469",(X),"306,886","191,227","34,998","80,661",(X),"126,388","92,139","12,231","22,018",(X),"974,849","706,920","69,934","197,995",(X),"193,922","111,828","24,875","57,219",(X),"1,855,439","1,240,804","153,378","461,257",(X),"1,113,144","743,961","85,911","283,272",(X),"89,249","68,031","5,918","15,300",(X),"1,206,707","776,851","112,824","317,032",(X),"435,003","290,116","44,278","100,609",(X),"407,306","279,961","39,295","88,050",(X),"1,264,361","860,534","109,828","293,999",(X),"102,559","65,492","13,261","23,806",(X),"523,319","344,773","38,696","139,850",(X),"97,158","69,805","10,704","16,649",(X),"727,523","479,142","65,334","183,047",(X),"3,348,647","2,309,300","261,734","777,613",(X),"390,117","315,174","24,840","50,103",(X),"60,110","41,233","7,355","11,522",(X),"903,825","635,505","72,934","195,386",(X),"817,530","589,503","70,893","157,134",(X),"166,656","107,352","17,978","41,326",(X),"601,092","410,718","59,770","130,604",(X),"64,025","45,131","6,371","12,523",(X),"268,025","104,163","37,466","126,396",(X)
        Under 6 years only,20.90%,21.50%,24.70%,18.30%,(X),22.40%,23.30%,20.60%,20.70%,(X),19.40%,20.10%,22.10%,16.20%,(X),20.70%,20.50%,19.80%,21.50%,(X),19.40%,20.60%,20.50%,14.70%,(X),21.80%,23.90%,20.70%,13.90%,(X),21.90%,22.90%,26.50%,17.90%,(X),21.20%,22.40%,25.10%,16.50%,(X),29.80%,39.30%,26.80%,15.50%,(X),20.60%,21.20%,26.40%,16.80%,(X),20.20%,21.10%,25.50%,16.40%,(X),20.60%,21.10%,23.00%,18.30%,(X),20.30%,20.10%,24.50%,19.30%,(X),20.70%,22.30%,23.30%,15.20%,(X),21.50%,21.90%,25.70%,18.50%,(X),20.60%,20.60%,23.20%,19.50%,(X),22.10%,22.20%,24.80%,20.30%,(X),22.40%,22.40%,24.50%,21.40%,(X),21.50%,21.50%,31.80%,18.30%,(X),23.80%,24.90%,23.40%,20.40%,(X),21.20%,22.20%,18.50%,19.30%,(X),22.50%,25.00%,18.60%,16.60%,(X),21.50%,22.10%,27.00%,17.50%,(X),22.00%,22.70%,26.00%,17.30%,(X),19.30%,20.30%,23.90%,16.20%,(X),22.00%,23.10%,25.40%,17.70%,(X),22.40%,24.10%,18.60%,17.70%,(X),21.20%,22.10%,20.90%,18.00%,(X),20.00%,19.90%,26.90%,17.00%,(X),24.50%,26.00%,24.50%,18.60%,(X),20.80%,22.70%,21.40%,14.00%,(X),19.60%,19.40%,26.50%,16.90%,(X),21.70%,23.90%,21.40%,16.00%,(X),21.50%,22.10%,26.10%,18.40%,(X),24.20%,27.30%,14.90%,13.90%,(X),22.70%,23.60%,25.30%,19.60%,(X),22.00%,20.80%,30.10%,21.70%,(X),20.80%,22.10%,18.70%,17.80%,(X),21.80%,22.60%,22.40%,19.20%,(X),20.50%,22.00%,22.70%,14.80%,(X),22.10%,22.70%,22.90%,20.40%,(X),23.70%,23.30%,26.00%,23.90%,(X),22.60%,24.00%,22.20%,19.20%,(X),20.40%,20.30%,26.10%,18.80%,(X),20.80%,21.30%,18.70%,18.10%,(X),24.20%,26.20%,13.90%,23.50%,(X),21.60%,22.70%,19.70%,18.50%,(X),22.10%,23.60%,18.90%,18.10%,(X),20.50%,20.30%,25.50%,18.80%,(X),21.30%,21.80%,22.50%,19.30%,(X),22.90%,23.40%,26.90%,18.90%,(X),17.00%,16.60%,21.60%,15.90%,(X)
        Under 6 years and 6 to 17 years,20.20%,20.90%,12.90%,20.70%,(X),19.80%,22.20%,8.00%,19.10%,(X),20.90%,21.80%,18.10%,19.60%,(X),21.70%,22.20%,14.80%,22.70%,(X),19.70%,20.10%,19.80%,18.50%,(X),17.50%,19.00%,9.80%,14.90%,(X),16.90%,18.20%,14.10%,14.30%,(X),20.60%,21.80%,6.90%,23.50%,(X),18.10%,17.10%,3.70%,21.80%,(X),18.80%,19.20%,17.40%,18.30%,(X),20.10%,20.50%,18.50%,19.40%,(X),19.90%,21.70%,18.60%,14.80%,(X),23.60%,24.20%,22.90%,21.20%,(X),19.40%,19.90%,15.20%,19.40%,(X),21.50%,23.30%,13.80%,19.00%,(X),22.30%,23.50%,15.80%,21.10%,(X),20.20%,22.40%,13.60%,15.10%,(X),20.10%,21.40%,14.20%,18.70%,(X),20.70%,21.30%,16.10%,21.20%,(X),17.40%,18.10%,13.10%,17.70%,(X),19.20%,21.30%,15.90%,14.40%,(X),16.90%,18.30%,14.90%,13.20%,(X),19.40%,20.60%,13.70%,18.40%,(X),20.10%,21.20%,12.90%,18.90%,(X),20.50%,22.00%,9.00%,20.60%,(X),20.60%,22.10%,15.30%,18.70%,(X),19.40%,22.30%,10.30%,13.10%,(X),21.00%,22.70%,18.70%,15.90%,(X),21.20%,22.50%,17.40%,19.90%,(X),14.50%,15.80%,10.40%,11.30%,(X),18.60%,19.10%,16.20%,17.40%,(X),21.80%,23.60%,25.50%,16.70%,(X),18.90%,20.00%,16.60%,16.90%,(X),19.60%,20.30%,17.00%,18.70%,(X),20.00%,19.60%,15.60%,23.40%,(X),20.70%,21.50%,13.00%,21.50%,(X),21.80%,23.40%,16.80%,19.20%,(X),18.00%,19.60%,12.50%,15.50%,(X),19.20%,20.10%,17.60%,17.30%,(X),16.40%,16.80%,16.30%,15.60%,(X),19.20%,19.60%,13.30%,19.80%,(X),20.70%,21.60%,21.90%,15.70%,(X),20.10%,20.90%,16.70%,19.20%,(X),21.30%,22.40%,17.70%,19.20%,(X),23.00%,24.90%,14.60%,15.00%,(X),17.40%,17.70%,14.10%,18.30%,(X),19.10%,20.00%,15.50%,17.50%,(X),20.00%,21.50%,16.80%,15.80%,(X),18.80%,19.60%,14.20%,18.70%,(X),19.60%,21.40%,14.30%,16.30%,(X),20.60%,22.10%,28.00%,11.60%,(X),14.50%,14.00%,13.40%,15.30%,(X)
        6 to 17 years only,58.90%,57.70%,62.40%,61.00%,(X),57.80%,54.60%,71.30%,60.10%,(X),59.70%,58.10%,59.90%,64.20%,(X),57.70%,57.40%,65.40%,55.80%,(X),60.90%,59.30%,59.80%,66.80%,(X),60.70%,57.10%,69.40%,71.30%,(X),61.10%,58.90%,59.40%,67.80%,(X),58.20%,55.80%,68.00%,60.00%,(X),52.00%,43.70%,69.60%,62.70%,(X),60.60%,59.60%,56.20%,64.90%,(X),59.70%,58.30%,56.00%,64.10%,(X),59.40%,57.20%,58.40%,66.90%,(X),56.10%,55.80%,52.60%,59.50%,(X),59.90%,57.70%,61.50%,65.40%,(X),57.00%,54.80%,60.50%,62.40%,(X),57.10%,55.90%,61.00%,59.50%,(X),57.70%,55.30%,61.60%,64.60%,(X),57.50%,56.20%,61.30%,59.90%,(X),57.80%,57.20%,52.00%,60.50%,(X),58.80%,57.00%,63.50%,61.90%,(X),59.60%,56.50%,65.50%,66.30%,(X),60.60%,56.70%,66.50%,70.20%,(X),59.10%,57.30%,59.30%,64.10%,(X),57.90%,56.00%,61.00%,63.80%,(X),60.20%,57.60%,67.00%,63.20%,(X),57.40%,54.80%,59.30%,63.60%,(X),58.20%,53.60%,71.10%,69.20%,(X),57.80%,55.20%,60.40%,66.10%,(X),58.80%,57.60%,55.70%,63.20%,(X),61.00%,58.30%,65.00%,70.10%,(X),60.60%,58.20%,62.40%,68.60%,(X),58.60%,57.00%,48.00%,66.30%,(X),59.40%,56.20%,61.90%,67.00%,(X),58.90%,57.60%,56.90%,62.90%,(X),55.90%,53.10%,69.50%,62.70%,(X),56.60%,54.90%,61.70%,58.90%,(X),56.30%,55.80%,53.10%,59.20%,(X),61.10%,58.30%,68.70%,66.70%,(X),59.00%,57.30%,59.90%,63.50%,(X),63.10%,61.20%,61.10%,69.60%,(X),58.70%,57.70%,63.70%,59.90%,(X),55.70%,55.10%,52.10%,60.30%,(X),57.30%,55.10%,61.10%,61.70%,(X),58.30%,57.30%,56.10%,62.00%,(X),56.30%,53.80%,66.70%,66.90%,(X),58.40%,56.10%,72.00%,58.20%,(X),59.30%,57.30%,64.80%,64.00%,(X),57.90%,54.90%,64.30%,66.10%,(X),60.70%,60.00%,60.30%,62.50%,(X),59.10%,56.80%,63.20%,64.40%,(X),56.50%,54.60%,45.20%,69.50%,(X),68.50%,69.40%,65.00%,68.80%,(X)
Total households,"2,016,448","941,596","90,528","276,864","707,460","274,574","129,511","17,440","28,838","98,785","2,850,377","1,332,270","174,058","337,202","1,006,847","1,216,207","572,596","57,647","147,690","438,274","13,550,586","6,516,115","870,396","1,764,293","4,399,782","2,384,584","1,144,446","109,859","209,877","920,402","1,433,635","658,900","70,662","172,977","531,096","402,334","197,223","19,368","47,294","138,449","326,970","77,550","7,600","38,718","203,102","8,826,394","4,119,638","460,440","1,104,321","3,141,995","4,092,467","1,917,471","200,003","615,760","1,359,233","494,827","240,727","27,276","67,049","159,775","717,151","396,372","32,519","62,182","226,078","5,056,360","2,282,497","247,142","608,284","1,918,437","2,726,489","1,307,913","132,584","299,609","986,383","1,330,995","646,759","59,962","115,239","509,035","1,175,294","574,286","54,468","111,653","434,887","1,828,680","860,710","91,926","219,489","656,555","1,816,902","754,142","93,957","283,038","685,765","605,338","292,681","26,729","51,525","234,403","2,375,984","1,104,626","124,762","316,894","829,702","2,797,776","1,263,224","130,488","330,643","1,073,421","4,089,794","1,868,821","200,271","479,468","1,541,234","2,322,190","1,147,255","107,485","201,572","865,878","1,148,340","503,356","59,370","191,538","394,076","2,521,832","1,168,049","123,769","277,917","952,097","464,072","223,380","20,899","37,937","181,856","803,157","390,540","33,799","77,256","301,562","1,198,356","530,175","83,568","159,923","424,690","557,220","285,354","25,605","47,161","199,100","3,516,978","1,753,523","181,566","443,370","1,138,519","848,218","344,144","54,774","117,546","331,754","7,774,308","3,288,930","399,804","1,049,498","3,036,076","4,299,266","2,057,368","189,029","539,100","1,513,769","331,481","156,026","12,766","24,969","137,720","4,878,206","2,173,755","228,796","580,594","1,895,061","1,573,180","746,847","85,224","185,515","555,594","1,726,340","788,221","82,721","170,141","685,257","5,294,065","2,462,324","238,782","593,708","1,999,251","446,688","188,207","27,767","50,961","179,753","2,136,080","1,018,293","94,418","285,701","737,668","368,300","177,786","18,524","28,543","143,447","2,846,684","1,342,153","139,454","364,965","1,000,112","11,087,708","5,401,546","605,432","1,476,398","3,604,332","1,129,660","672,316","57,561","100,722","299,061","277,090","131,234","11,709","21,553","112,594","3,380,607","1,642,002","158,347","391,567","1,188,691","3,079,953","1,499,199","145,218","291,028","1,144,508","736,341","338,510","39,378","85,176","273,277","2,491,121","1,171,977","112,626","226,502","980,016","243,321","119,329","12,725","21,311","89,956","1,289,311","449,853","88,458","282,477","468,523"
    SELECTED HOUSEHOLDS BY TYPE,,,,,,,,,,,,,,,,,,,,,,,,,,,,,,,,,,,,,,,,,,,,,,,,,,,,,,,,,,,,,,,,,,,,,,,,,,,,,,,,,,,,,,,,,,,,,,,,,,,,,,,,,,,,,,,,,,,,,,,,,,,,,,,,,,,,,,,,,,,,,,,,,,,,,,,,,,,,,,,,,,,,,,,,,,,,,,,,,,,,,,,,,,,,,,,,,,,,,,,,,,,,,,,,,,,,,,,,,,,,,,,,,,,,,,,,,,,,,,,,,,,,,,,,,,,,,,,,,,,,
        Households with one or more people under 18 years,28.80%,38.30%,51.30%,60.90%,0.60%,30.80%,42.20%,60.10%,65.20%,0.80%,28.40%,38.40%,54.10%,58.60%,0.70%,29.70%,40.30%,54.40%,64.30%,0.80%,31.90%,44.40%,49.50%,54.30%,0.80%,27.60%,40.80%,54.40%,60.60%,0.40%,27.80%,39.40%,48.20%,58.50%,0.60%,27.30%,34.10%,59.90%,64.80%,0.10%,16.60%,37.50%,40.70%,57.10%,0.10%,25.90%,34.50%,50.80%,54.70%,0.80%,31.70%,41.70%,53.60%,61.80%,0.70%,30.20%,41.20%,50.30%,53.80%,0.40%,32.30%,42.90%,61.50%,63.80%,0.70%,28.40%,40.80%,51.50%,59.90%,0.70%,29.80%,40.70%,56.40%,65.30%,1.00%,27.80%,39.00%,62.10%,66.60%,0.70%,29.90%,42.10%,61.90%,65.10%,0.70%,29.20%,39.90%,54.20%,62.20%,0.70%,29.50%,39.20%,56.50%,64.60%,0.60%,23.60%,32.00%,62.20%,59.20%,0.90%,30.40%,42.60%,51.30%,57.70%,0.70%,27.40%,40.30%,51.80%,55.80%,0.50%,26.60%,37.10%,53.50%,57.90%,0.80%,28.10%,40.10%,57.10%,62.70%,0.60%,31.00%,39.70%,54.10%,63.10%,1.00%,28.00%,38.60%,56.40%,63.20%,1.00%,25.90%,36.80%,60.70%,64.00%,0.70%,30.10%,42.70%,62.10%,67.80%,0.70%,29.40%,39.40%,50.00%,61.40%,0.80%,25.10%,34.10%,54.60%,58.90%,0.40%,30.30%,42.50%,46.60%,52.20%,0.40%,26.70%,35.60%,55.90%,61.00%,0.50%,27.00%,40.40%,46.60%,53.80%,0.60%,29.00%,38.80%,53.90%,62.50%,0.60%,28.80%,44.90%,58.40%,68.90%,0.60%,27.30%,38.00%,56.90%,62.60%,0.70%,31.00%,42.10%,59.00%,64.10%,0.80%,26.00%,37.80%,55.50%,59.30%,0.70%,26.40%,37.10%,52.30%,59.00%,0.60%,25.40%,36.90%,54.80%,54.10%,0.80%,28.00%,36.60%,50.40%,61.00%,0.60%,29.00%,41.20%,66.00%,71.40%,0.60%,29.30%,38.90%,56.20%,61.00%,1.00%,34.00%,46.00%,53.20%,63.40%,0.60%,38.00%,49.90%,55.10%,58.30%,0.90%,23.40%,33.40%,66.80%,59.60%,0.30%,29.80%,41.40%,54.30%,59.60%,0.70%,29.00%,41.40%,55.90%,61.80%,0.90%,25.80%,35.30%,54.30%,56.50%,0.50%,25.80%,36.50%,57.80%,63.70%,0.60%,28.30%,40.00%,54.10%,63.80%,0.90%,24.10%,26.70%,49.30%,51.50%,0.30%
        Households with one or more people 60 years and over,42.60%,42.40%,32.80%,32.50%,48.00%,36.00%,37.20%,32.30%,25.30%,38.30%,43.70%,45.70%,30.30%,32.70%,47.00%,41.60%,41.40%,29.80%,29.90%,47.40%,41.90%,41.90%,36.90%,39.10%,44.10%,36.60%,38.00%,27.40%,30.30%,37.40%,44.30%,45.40%,36.40%,31.50%,48.10%,48.40%,49.40%,25.40%,36.20%,54.40%,28.70%,30.20%,35.20%,34.60%,26.70%,47.80%,49.70%,36.50%,37.00%,50.80%,38.70%,39.50%,30.60%,31.20%,42.20%,50.10%,49.00%,50.80%,51.10%,51.20%,40.70%,39.30%,26.80%,30.30%,48.00%,40.70%,41.60%,32.60%,31.90%,43.50%,39.90%,40.00%,30.20%,28.30%,44.80%,40.50%,42.10%,22.90%,23.50%,44.20%,40.00%,39.40%,26.70%,29.20%,45.30%,41.80%,40.90%,31.80%,31.20%,48.00%,41.90%,43.40%,30.20%,29.90%,46.70%,46.70%,49.30%,24.50%,30.00%,49.70%,42.30%,42.70%,33.10%,34.50%,46.30%,43.10%,44.20%,31.70%,33.80%,46.00%,43.50%,44.60%,31.30%,31.50%,47.40%,40.10%,40.70%,24.00%,26.50%,44.40%,43.30%,42.70%,33.40%,31.50%,51.30%,41.80%,42.40%,31.50%,29.20%,46.10%,44.00%,45.70%,24.20%,31.40%,46.80%,38.90%,39.80%,23.00%,22.80%,43.70%,41.80%,43.10%,33.20%,31.10%,45.90%,46.70%,46.00%,31.30%,31.90%,53.20%,44.30%,42.80%,38.50%,38.10%,50.10%,44.80%,46.40%,33.70%,34.40%,48.50%,43.90%,45.10%,40.80%,37.40%,45.20%,40.50%,41.40%,30.60%,29.10%,44.50%,36.10%,37.30%,23.00%,26.00%,37.80%,41.90%,42.80%,30.60%,28.00%,46.50%,39.70%,39.80%,28.10%,28.90%,45.10%,42.40%,43.10%,30.90%,32.60%,45.40%,44.60%,44.80%,34.70%,34.20%,48.70%,45.20%,46.10%,33.60%,31.80%,49.80%,43.60%,45.00%,32.20%,32.00%,47.70%,41.50%,42.00%,26.70%,26.40%,45.80%,40.40%,40.80%,31.30%,32.40%,44.10%,35.50%,36.10%,30.70%,29.50%,37.90%,32.90%,32.90%,23.30%,29.50%,36.00%,46.80%,49.10%,20.30%,29.90%,50.10%,40.70%,41.40%,32.20%,33.00%,43.30%,39.00%,40.20%,28.90%,29.40%,41.10%,47.00%,47.30%,29.10%,37.50%,52.30%,41.50%,43.60%,24.40%,26.10%,44.50%,41.90%,40.80%,28.00%,25.70%,49.00%,51.70%,56.10%,42.10%,35.20%,59.20%
        Households with one or more people 65 years and over,32.30%,(X),(X),(X),37.20%,26.50%,(X),(X),(X),27.30%,34.20%,(X),(X),(X),37.20%,31.50%,(X),(X),(X),36.30%,32.00%,(X),(X),(X),34.80%,27.50%,(X),(X),(X),28.80%,33.40%,(X),(X),(X),38.00%,36.40%,(X),(X),(X),42.40%,21.70%,(X),(X),(X),20.10%,37.80%,(X),(X),(X),41.00%,28.90%,(X),(X),(X),32.00%,40.50%,(X),(X),(X),40.80%,31.50%,(X),(X),(X),37.80%,30.90%,(X),(X),(X),34.30%,30.00%,(X),(X),(X),34.20%,30.40%,(X),(X),(X),34.60%,30.20%,(X),(X),(X),34.90%,31.40%,(X),(X),(X),36.80%,31.20%,(X),(X),(X),35.30%,36.00%,(X),(X),(X),38.20%,31.50%,(X),(X),(X),35.40%,32.50%,(X),(X),(X),36.20%,32.80%,(X),(X),(X),36.40%,29.80%,(X),(X),(X),34.10%,32.40%,(X),(X),(X),38.70%,31.40%,(X),(X),(X),35.30%,34.00%,(X),(X),(X),37.20%,29.30%,(X),(X),(X),34.30%,32.00%,(X),(X),(X),35.60%,34.70%,(X),(X),(X),41.00%,33.40%,(X),(X),(X),39.60%,34.90%,(X),(X),(X),38.20%,33.50%,(X),(X),(X),35.40%,30.60%,(X),(X),(X),34.00%,27.00%,(X),(X),(X),29.10%,31.80%,(X),(X),(X),35.90%,30.00%,(X),(X),(X),35.00%,33.20%,(X),(X),(X),35.40%,34.20%,(X),(X),(X),38.40%,34.40%,(X),(X),(X),39.40%,33.30%,(X),(X),(X),36.40%,31.00%,(X),(X),(X),35.30%,30.70%,(X),(X),(X),34.10%,26.40%,(X),(X),(X),28.90%,24.50%,(X),(X),(X),28.60%,35.60%,(X),(X),(X),39.50%,30.80%,(X),(X),(X),33.70%,29.80%,(X),(X),(X),32.10%,36.60%,(X),(X),(X),41.30%,31.00%,(X),(X),(X),34.40%,31.50%,(X),(X),(X),36.70%,41.60%,(X),(X),(X),47.80%
        Householder living alone,30.40%,(X),(X),(X),86.60%,27.80%,(X),(X),(X),77.30%,27.20%,(X),(X),(X),77.00%,30.80%,(X),(X),(X),85.50%,24.30%,(X),(X),(X),74.90%,28.30%,(X),(X),(X),73.40%,29.90%,(X),(X),(X),80.80%,28.60%,(X),(X),(X),83.20%,48.60%,(X),(X),(X),78.20%,28.10%,(X),(X),(X),79.00%,27.10%,(X),(X),(X),81.60%,25.30%,(X),(X),(X),78.40%,24.30%,(X),(X),(X),77.00%,31.00%,(X),(X),(X),81.80%,29.60%,(X),(X),(X),81.80%,30.60%,(X),(X),(X),79.90%,30.30%,(X),(X),(X),81.90%,29.70%,(X),(X),(X),82.70%,31.50%,(X),(X),(X),83.40%,30.00%,(X),(X),(X),77.40%,28.50%,(X),(X),(X),81.60%,29.10%,(X),(X),(X),75.90%,30.50%,(X),(X),(X),81.00%,29.50%,(X),(X),(X),79.10%,29.90%,(X),(X),(X),87.10%,30.90%,(X),(X),(X),81.90%,30.50%,(X),(X),(X),77.80%,30.80%,(X),(X),(X),82.00%,27.50%,(X),(X),(X),77.70%,27.60%,(X),(X),(X),77.30%,26.50%,(X),(X),(X),81.70%,32.30%,(X),(X),(X),82.60%,31.20%,(X),(X),(X),79.80%,28.80%,(X),(X),(X),81.90%,33.30%,(X),(X),(X),80.20%,31.80%,(X),(X),(X),81.90%,28.90%,(X),(X),(X),81.70%,29.30%,(X),(X),(X),73.70%,30.60%,(X),(X),(X),81.10%,31.30%,(X),(X),(X),77.90%,28.80%,(X),(X),(X),83.40%,31.80%,(X),(X),(X),81.70%,28.60%,(X),(X),(X),81.40%,26.30%,(X),(X),(X),80.90%,19.50%,(X),(X),(X),73.50%,30.30%,(X),(X),(X),74.70%,28.20%,(X),(X),(X),80.20%,27.90%,(X),(X),(X),75.00%,31.00%,(X),(X),(X),83.70%,31.00%,(X),(X),(X),78.70%,30.40%,(X),(X),(X),82.30%,31.10%,(X),(X),(X),85.60%
            65 years and over,12.20%,(X),(X),(X),34.80%,8.70%,(X),(X),(X),24.10%,11.70%,(X),(X),(X),33.00%,12.20%,(X),(X),(X),34.00%,9.90%,(X),(X),(X),30.40%,10.10%,(X),(X),(X),26.10%,12.70%,(X),(X),(X),34.40%,12.90%,(X),(X),(X),37.50%,11.20%,(X),(X),(X),18.00%,12.90%,(X),(X),(X),36.10%,9.80%,(X),(X),(X),29.50%,11.50%,(X),(X),(X),35.60%,10.80%,(X),(X),(X),34.40%,12.10%,(X),(X),(X),31.90%,11.50%,(X),(X),(X),31.90%,12.40%,(X),(X),(X),32.30%,12.20%,(X),(X),(X),33.00%,12.40%,(X),(X),(X),34.40%,12.30%,(X),(X),(X),32.70%,13.20%,(X),(X),(X),34.00%,11.30%,(X),(X),(X),32.40%,12.50%,(X),(X),(X),32.70%,12.70%,(X),(X),(X),33.80%,11.60%,(X),(X),(X),31.20%,12.40%,(X),(X),(X),36.20%,12.40%,(X),(X),(X),32.90%,13.20%,(X),(X),(X),33.80%,12.20%,(X),(X),(X),32.50%,11.00%,(X),(X),(X),30.90%,12.80%,(X),(X),(X),36.00%,11.80%,(X),(X),(X),36.50%,13.60%,(X),(X),(X),34.70%,12.50%,(X),(X),(X),32.10%,11.10%,(X),(X),(X),31.50%,11.40%,(X),(X),(X),27.40%,12.90%,(X),(X),(X),33.20%,11.50%,(X),(X),(X),32.50%,12.40%,(X),(X),(X),31.40%,13.30%,(X),(X),(X),35.20%,14.10%,(X),(X),(X),35.10%,11.60%,(X),(X),(X),33.60%,12.90%,(X),(X),(X),33.00%,11.10%,(X),(X),(X),31.60%,8.70%,(X),(X),(X),26.60%,7.10%,(X),(X),(X),26.60%,14.20%,(X),(X),(X),34.80%,10.80%,(X),(X),(X),30.80%,10.60%,(X),(X),(X),28.50%,14.30%,(X),(X),(X),38.50%,12.40%,(X),(X),(X),31.50%,12.60%,(X),(X),(X),34.20%,15.80%,(X),(X),(X),43.50%
    UNITS IN STRUCTURE,,,,,,,,,,,,,,,,,,,,,,,,,,,,,,,,,,,,,,,,,,,,,,,,,,,,,,,,,,,,,,,,,,,,,,,,,,,,,,,,,,,,,,,,,,,,,,,,,,,,,,,,,,,,,,,,,,,,,,,,,,,,,,,,,,,,,,,,,,,,,,,,,,,,,,,,,,,,,,,,,,,,,,,,,,,,,,,,,,,,,,,,,,,,,,,,,,,,,,,,,,,,,,,,,,,,,,,,,,,,,,,,,,,,,,,,,,,,,,,,,,,,,,,,,,,,,,,,,,,,
        1-unit structures,73.30%,86.30%,68.10%,65.10%,59.80%,70.50%,84.90%,73.30%,59.50%,54.30%,71.40%,85.20%,70.60%,66.50%,55.00%,72.00%,84.80%,64.80%,67.00%,57.80%,65.20%,79.70%,64.20%,60.70%,45.80%,70.60%,87.10%,71.20%,67.00%,51.00%,65.70%,85.40%,59.80%,57.00%,45.00%,77.80%,90.20%,74.90%,70.50%,63.10%,32.50%,59.90%,32.90%,35.90%,21.30%,64.40%,77.90%,62.80%,60.00%,48.40%,72.40%,86.50%,69.60%,65.40%,56.20%,66.60%,77.60%,72.30%,66.90%,49.00%,78.30%,88.10%,71.50%,70.80%,64.00%,65.60%,83.90%,66.80%,60.50%,45.40%,77.90%,91.50%,78.10%,71.70%,61.80%,78.20%,93.20%,81.40%,73.30%,59.90%,78.10%,91.60%,76.90%,75.30%,61.10%,71.30%,85.50%,65.60%,63.70%,56.10%,70.50%,84.50%,66.30%,62.90%,58.70%,70.60%,84.70%,71.10%,61.60%,54.80%,73.20%,88.30%,72.60%,69.80%,54.60%,56.50%,77.20%,52.70%,48.20%,35.30%,77.40%,91.80%,77.50%,73.70%,61.00%,73.80%,90.40%,74.00%,68.30%,53.10%,72.30%,83.60%,71.80%,63.70%,62.10%,75.20%,89.50%,75.80%,73.40%,58.20%,73.70%,88.70%,64.10%,65.60%,58.20%,76.30%,92.30%,83.30%,70.70%,56.30%,68.00%,83.20%,66.20%,62.30%,51.50%,69.00%,85.70%,60.80%,58.90%,48.60%,63.30%,79.10%,55.50%,56.40%,42.90%,70.20%,81.40%,67.90%,65.50%,60.50%,46.80%,65.00%,45.20%,39.10%,29.90%,71.40%,85.40%,63.60%,61.50%,57.00%,65.60%,85.70%,53.60%,56.00%,45.60%,75.20%,91.30%,77.60%,69.70%,58.20%,75.60%,87.60%,71.60%,72.30%,61.40%,67.90%,84.60%,68.10%,61.50%,50.30%,76.00%,90.40%,81.30%,76.30%,57.40%,61.10%,81.40%,58.80%,56.30%,41.70%,70.60%,83.60%,62.70%,59.90%,57.70%,73.20%,90.30%,80.60%,62.50%,53.30%,73.90%,87.30%,69.90%,66.90%,58.90%,68.50%,83.80%,66.70%,62.30%,48.50%,76.20%,87.90%,70.70%,65.30%,54.50%,71.50%,87.80%,72.00%,68.40%,53.10%,73.40%,88.10%,71.00%,67.80%,55.30%,67.20%,84.00%,67.00%,60.90%,47.00%,74.70%,84.90%,74.10%,68.60%,64.10%,70.80%,89.40%,71.40%,61.40%,50.60%,73.90%,86.00%,67.80%,66.30%,60.70%,80.30%,90.70%,85.20%,76.90%,71.50%
        2-or-more-unit structures,15.00%,3.80%,12.90%,21.10%,27.80%,26.00%,12.80%,21.30%,35.70%,41.20%,20.40%,7.90%,20.90%,24.70%,35.50%,17.40%,5.20%,17.20%,20.60%,32.30%,31.30%,17.60%,31.90%,35.60%,49.80%,25.70%,9.80%,22.00%,27.40%,45.60%,33.60%,14.30%,38.60%,42.70%,53.80%,16.30%,5.60%,17.50%,20.50%,30.00%,67.50%,40.10%,67.10%,64.10%,78.70%,28.10%,15.80%,27.60%,32.90%,42.50%,20.10%,7.00%,19.20%,25.40%,36.40%,32.90%,22.00%,27.70%,32.60%,50.50%,14.90%,6.40%,15.50%,19.20%,28.40%,32.30%,14.50%,30.00%,36.90%,52.30%,18.00%,5.40%,15.60%,22.60%,33.70%,18.90%,4.70%,13.40%,22.50%,36.70%,18.30%,5.30%,16.50%,19.70%,35.30%,18.30%,5.40%,20.40%,21.70%,33.90%,17.40%,5.10%,14.50%,22.50%,29.20%,21.00%,8.30%,17.40%,25.20%,36.40%,25.60%,11.00%,24.90%,28.80%,43.90%,42.60%,22.30%,46.40%,51.10%,63.50%,17.80%,4.70%,13.90%,18.30%,34.00%,23.70%,7.80%,21.10%,27.70%,44.30%,13.30%,3.50%,7.50%,20.00%,23.50%,19.90%,6.00%,16.60%,20.80%,37.00%,17.20%,5.20%,17.90%,18.60%,31.40%,21.60%,6.30%,13.90%,24.90%,41.30%,26.70%,11.70%,25.40%,32.70%,43.30%,26.00%,10.90%,33.20%,36.50%,44.10%,35.70%,20.30%,43.70%,42.40%,55.50%,15.10%,4.40%,12.80%,13.50%,27.20%,51.20%,33.30%,52.00%,59.00%,67.90%,18.10%,6.40%,17.00%,22.80%,32.60%,27.70%,8.40%,27.80%,33.60%,48.50%,21.60%,6.20%,17.90%,25.90%,38.50%,16.30%,4.50%,16.50%,18.80%,31.40%,24.90%,9.30%,24.10%,30.60%,41.50%,20.80%,7.20%,14.00%,20.00%,38.70%,37.90%,18.20%,39.90%,42.50%,56.90%,15.40%,5.40%,14.30%,19.00%,27.80%,20.40%,5.30%,9.10%,27.20%,39.20%,18.40%,6.00%,16.70%,23.90%,33.10%,25.30%,10.20%,24.80%,30.20%,46.00%,21.10%,10.00%,25.80%,30.10%,42.10%,22.60%,7.50%,17.70%,23.80%,40.50%,22.70%,9.00%,22.70%,27.20%,40.10%,27.20%,11.40%,25.50%,31.30%,47.00%,12.00%,3.50%,8.00%,13.90%,22.60%,26.60%,8.80%,24.50%,34.70%,46.30%,14.90%,5.10%,18.90%,14.10%,27.60%,19.40%,9.10%,14.20%,22.90%,28.30%
        Mobile homes and all other types of units,11.70%,9.90%,19.00%,13.80%,12.40%,3.50%,2.30%,5.50%,4.70%,4.50%,8.20%,6.90%,8.50%,8.80%,9.50%,10.60%,10.00%,18.10%,12.40%,9.90%,3.50%,2.70%,3.90%,3.70%,4.50%,3.70%,3.20%,6.80%,5.60%,3.50%,0.70%,0.30%,1.60%,0.30%,1.20%,5.90%,4.20%,7.60%,9.00%,6.90%,0.00%,0.00%,0.00%,0.00%,0.00%,7.60%,6.30%,9.50%,7.10%,9.10%,7.50%,6.50%,11.20%,9.30%,7.50%,0.50%,0.50%,0.00%,0.50%,0.50%,6.90%,5.40%,13.10%,10.10%,7.60%,2.00%,1.50%,3.20%,2.70%,2.30%,4.00%,3.00%,6.30%,5.60%,4.50%,2.90%,2.00%,5.20%,4.10%,3.40%,3.60%,3.10%,6.50%,4.90%,3.60%,10.30%,9.10%,14.00%,14.60%,10.10%,12.20%,10.40%,19.30%,14.60%,12.10%,8.40%,7.00%,11.50%,13.20%,8.80%,1.20%,0.80%,2.50%,1.40%,1.50%,0.90%,0.50%,0.90%,0.70%,1.30%,4.90%,3.50%,8.60%,8.10%,5.00%,2.50%,1.80%,4.90%,4.10%,2.60%,14.40%,12.90%,20.70%,16.40%,14.40%,4.90%,4.50%,7.60%,5.90%,4.80%,9.10%,6.10%,18.00%,15.80%,10.40%,2.10%,1.40%,2.80%,4.30%,2.50%,5.30%,5.10%,8.40%,5.00%,5.20%,5.00%,3.40%,6.00%,4.70%,7.40%,1.00%,0.60%,0.80%,1.20%,1.60%,14.70%,14.10%,19.30%,21.00%,12.30%,2.00%,1.70%,2.70%,1.90%,2.20%,10.50%,8.30%,19.50%,15.70%,10.40%,6.70%,5.90%,18.60%,10.40%,5.90%,3.10%,2.50%,4.60%,4.40%,3.40%,8.00%,8.00%,11.90%,9.00%,7.20%,7.20%,6.10%,7.70%,7.90%,8.20%,3.30%,2.40%,4.70%,3.80%,3.90%,0.90%,0.40%,1.30%,1.30%,1.40%,14.10%,10.90%,23.00%,21.10%,14.50%,6.40%,4.40%,10.30%,10.30%,7.50%,7.80%,6.60%,13.40%,9.20%,8.00%,6.20%,6.10%,8.50%,7.50%,5.50%,2.80%,2.20%,3.50%,4.60%,3.40%,5.90%,4.80%,10.30%,7.70%,6.30%,3.90%,2.90%,6.30%,5.00%,4.60%,5.60%,4.60%,7.50%,7.70%,6.00%,13.30%,11.60%,17.90%,17.60%,13.30%,2.60%,1.90%,4.20%,4.00%,3.10%,11.10%,8.90%,13.40%,19.60%,11.80%,0.20%,0.20%,0.60%,0.20%,0.20%
    HOUSING TENURE,,,,,,,,,,,,,,,,,,,,,,,,,,,,,,,,,,,,,,,,,,,,,,,,,,,,,,,,,,,,,,,,,,,,,,,,,,,,,,,,,,,,,,,,,,,,,,,,,,,,,,,,,,,,,,,,,,,,,,,,,,,,,,,,,,,,,,,,,,,,,,,,,,,,,,,,,,,,,,,,,,,,,,,,,,,,,,,,,,,,,,,,,,,,,,,,,,,,,,,,,,,,,,,,,,,,,,,,,,,,,,,,,,,,,,,,,,,,,,,,,,,,,,,,,,,,,,,,,,,,
        Owner-occupied housing units,70.20%,86.50%,65.30%,52.60%,56.20%,66.10%,78.60%,71.70%,52.50%,52.70%,67.40%,82.60%,57.90%,51.60%,54.30%,66.50%,83.60%,58.20%,49.40%,51.00%,55.80%,70.30%,46.10%,43.60%,41.20%,66.40%,83.30%,61.60%,55.30%,48.60%,66.30%,84.90%,58.00%,50.70%,49.20%,74.10%,88.20%,65.30%,53.50%,62.20%,41.00%,65.50%,42.70%,32.60%,33.20%,67.20%,80.60%,56.80%,51.90%,56.50%,65.90%,82.70%,54.00%,49.10%,51.40%,62.60%,72.40%,62.00%,54.40%,51.40%,72.30%,82.90%,66.40%,60.20%,58.00%,67.10%,85.70%,62.60%,52.00%,50.30%,70.80%,87.30%,64.60%,53.20%,55.00%,72.00%,89.40%,68.30%,56.60%,53.90%,67.70%,84.70%,58.00%,52.30%,50.50%,68.80%,85.40%,58.90%,51.00%,54.30%,67.60%,87.00%,63.60%,50.00%,54.20%,74.10%,88.60%,76.60%,63.60%,58.20%,67.70%,84.00%,61.30%,53.10%,52.60%,62.20%,82.50%,54.50%,47.60%,43.80%,73.20%,90.00%,70.30%,58.40%,57.60%,72.10%,89.40%,68.70%,57.80%,53.00%,69.90%,85.20%,71.10%,52.20%,58.80%,67.60%,85.60%,63.00%,52.50%,50.60%,68.80%,84.80%,58.50%,61.80%,51.80%,66.00%,85.10%,61.50%,46.60%,46.60%,60.30%,75.50%,53.20%,45.30%,48.40%,72.30%,87.10%,69.90%,57.30%,54.90%,64.60%,80.00%,53.20%,49.60%,48.60%,70.90%,85.90%,69.30%,62.60%,58.70%,54.10%,73.20%,49.00%,39.90%,38.90%,66.70%,83.10%,57.90%,48.90%,52.00%,65.10%,84.90%,64.90%,51.00%,45.30%,67.30%,86.70%,64.10%,48.00%,51.50%,65.40%,82.20%,53.80%,48.60%,50.20%,62.80%,81.30%,51.80%,50.30%,46.00%,69.10%,86.50%,67.90%,54.10%,52.30%,63.30%,84.20%,50.60%,54.00%,46.00%,72.00%,86.90%,61.90%,55.20%,59.30%,69.60%,87.60%,69.40%,52.10%,50.80%,67.20%,83.90%,58.40%,50.10%,52.40%,62.50%,79.70%,54.60%,48.30%,43.80%,71.20%,82.70%,61.60%,56.60%,52.10%,73.70%,91.20%,76.80%,66.70%,54.20%,67.40%,83.30%,56.30%,51.20%,52.20%,64.20%,81.00%,59.20%,50.00%,46.30%,74.50%,88.20%,71.80%,59.10%,62.60%,68.10%,87.90%,63.00%,48.90%,49.50%,72.70%,87.90%,64.60%,57.60%,57.30%,67.40%,83.90%,63.10%,54.20%,60.40%
        Renter-occupied housing units,29.80%,13.50%,34.70%,47.40%,43.80%,33.90%,21.40%,28.30%,47.50%,47.30%,32.60%,17.40%,42.10%,48.40%,45.70%,33.50%,16.40%,41.80%,50.60%,49.00%,44.20%,29.70%,53.90%,56.40%,58.80%,33.60%,16.70%,38.40%,44.70%,51.40%,33.70%,15.10%,42.00%,49.30%,50.80%,25.90%,11.80%,34.70%,46.50%,37.80%,59.00%,34.50%,57.30%,67.40%,66.80%,32.80%,19.40%,43.20%,48.10%,43.50%,34.10%,17.30%,46.00%,50.90%,48.60%,37.40%,27.60%,38.00%,45.60%,48.60%,27.70%,17.10%,33.60%,39.80%,42.00%,32.90%,14.30%,37.40%,48.00%,49.70%,29.20%,12.70%,35.40%,46.80%,45.00%,28.00%,10.60%,31.70%,43.40%,46.10%,32.30%,15.30%,42.00%,47.70%,49.50%,31.20%,14.60%,41.10%,49.00%,45.70%,32.40%,13.00%,36.40%,50.00%,45.80%,25.90%,11.40%,23.40%,36.40%,41.80%,32.30%,16.00%,38.70%,46.90%,47.40%,37.80%,17.50%,45.50%,52.40%,56.20%,26.80%,10.00%,29.70%,41.60%,42.40%,27.90%,10.60%,31.30%,42.20%,47.00%,30.10%,14.80%,28.90%,47.80%,41.20%,32.40%,14.40%,37.00%,47.50%,49.40%,31.20%,15.20%,41.50%,38.20%,48.20%,34.00%,14.90%,38.50%,53.40%,53.40%,39.70%,24.50%,46.80%,54.70%,51.60%,27.70%,12.90%,30.10%,42.70%,45.10%,35.40%,20.00%,46.80%,50.40%,51.40%,29.10%,14.10%,30.70%,37.40%,41.30%,45.90%,26.80%,51.00%,60.10%,61.10%,33.30%,16.90%,42.10%,51.10%,48.00%,34.90%,15.10%,35.10%,49.00%,54.70%,32.70%,13.30%,35.90%,52.00%,48.50%,34.60%,17.80%,46.20%,51.40%,49.80%,37.20%,18.70%,48.20%,49.70%,54.00%,30.90%,13.50%,32.10%,45.90%,47.70%,36.70%,15.80%,49.40%,46.00%,54.00%,28.00%,13.10%,38.10%,44.80%,40.70%,30.40%,12.40%,30.60%,47.90%,49.20%,32.80%,16.10%,41.60%,49.90%,47.60%,37.50%,20.30%,45.40%,51.70%,56.20%,28.80%,17.30%,38.40%,43.40%,47.90%,26.30%,8.80%,23.20%,33.30%,45.80%,32.60%,16.70%,43.70%,48.80%,47.80%,35.80%,19.00%,40.80%,50.00%,53.70%,25.50%,11.80%,28.20%,40.90%,37.40%,31.90%,12.10%,37.00%,51.10%,50.50%,27.30%,12.10%,35.40%,42.40%,42.70%,32.60%,16.10%,36.90%,45.80%,39.60%