Label (Grouping),Alabama!!Total!!Estimate,Alabama!!Women with births in the past 12 months!!Number!!Estimate,Alabama!!Women with births in the past 12 months!!Percent Distribution!!Estimate,"Alabama!!Women with births in the past 12 months!!Rate per 1,000 women!!Estimate",Alabama!!Percent of women who had a birth in the past 12 months who were unmarried!!Estimate,Alaska!!Total!!Estimate,Alaska!!Women with births in the past 12 months!!Number!!Estimate,Alaska!!Women with births in the past 12 months!!Percent Distribution!!Estimate,"Alaska!!Women with births in the past 12 months!!Rate per 1,000 women!!Estimate",Alaska!!Percent of women who had a birth in the past 12 months who were unmarried!!Estimate,Arizona!!Total!!Estimate,Arizona!!Women with births in the past 12 months!!Number!!Estimate,Arizona!!Women with births in the past 12 months!!Percent Distribution!!Estimate,"Arizona!!Women with births in the past 12 months!!Rate per 1,000 women!!Estimate",Arizona!!Percent of women who had a birth in the past 12 months who were unmarried!!Estimate,Arkansas!!Total!!Estimate,Arkansas!!Women with births in the past 12 months!!Number!!Estimate,Arkansas!!Women with births in the past 12 months!!Percent Distribution!!Estimate,"Arkansas!!Women with births in the past 12 months!!Rate per 1,000 women!!Estimate",Arkansas!!Percent of women who had a birth in the past 12 months who were unmarried!!Estimate,California!!Total!!Estimate,California!!Women with births in the past 12 months!!Number!!Estimate,California!!Women with births in the past 12 months!!Percent Distribution!!Estimate,"California!!Women with births in the past 12 months!!Rate per 1,000 women!!Estimate",California!!Percent of women who had a birth in the past 12 months who were unmarried!!Estimate,Colorado!!Total!!Estimate,Colorado!!Women with births in the past 12 months!!Number!!Estimate,Colorado!!Women with births in the past 12 months!!Percent Distribution!!Estimate,"Colorado!!Women with births in the past 12 months!!Rate per 1,000 women!!Estimate",Colorado!!Percent of women who had a birth in the past 12 months who were unmarried!!Estimate,Connecticut!!Total!!Estimate,Connecticut!!Women with births in the past 12 months!!Number!!Estimate,Connecticut!!Women with births in the past 12 months!!Percent Distribution!!Estimate,"Connecticut!!Women with births in the past 12 months!!Rate per 1,000 women!!Estimate",Connecticut!!Percent of women who had a birth in the past 12 months who were unmarried!!Estimate,Delaware!!Total!!Estimate,Delaware!!Women with births in the past 12 months!!Number!!Estimate,Delaware!!Women with births in the past 12 months!!Percent Distribution!!Estimate,"Delaware!!Women with births in the past 12 months!!Rate per 1,000 women!!Estimate",Delaware!!Percent of women who had a birth in the past 12 months who were unmarried!!Estimate,District of Columbia!!Total!!Estimate,District of Columbia!!Women with births in the past 12 months!!Number!!Estimate,District of Columbia!!Women with births in the past 12 months!!Percent Distribution!!Estimate,"District of Columbia!!Women with births in the past 12 months!!Rate per 1,000 women!!Estimate",District of Columbia!!Percent of women who had a birth in the past 12 months who were unmarried!!Estimate,Florida!!Total!!Estimate,Florida!!Women with births in the past 12 months!!Number!!Estimate,Florida!!Women with births in the past 12 months!!Percent Distribution!!Estimate,"Florida!!Women with births in the past 12 months!!Rate per 1,000 women!!Estimate",Florida!!Percent of women who had a birth in the past 12 months who were unmarried!!Estimate,Georgia!!Total!!Estimate,Georgia!!Women with births in the past 12 months!!Number!!Estimate,Georgia!!Women with births in the past 12 months!!Percent Distribution!!Estimate,"Georgia!!Women with births in the past 12 months!!Rate per 1,000 women!!Estimate",Georgia!!Percent of women who had a birth in the past 12 months who were unmarried!!Estimate,Hawaii!!Total!!Estimate,Hawaii!!Women with births in the past 12 months!!Number!!Estimate,Hawaii!!Women with births in the past 12 months!!Percent Distribution!!Estimate,"Hawaii!!Women with births in the past 12 months!!Rate per 1,000 women!!Estimate",Hawaii!!Percent of women who had a birth in the past 12 months who were unmarried!!Estimate,Idaho!!Total!!Estimate,Idaho!!Women with births in the past 12 months!!Number!!Estimate,Idaho!!Women with births in the past 12 months!!Percent Distribution!!Estimate,"Idaho!!Women with births in the past 12 months!!Rate per 1,000 women!!Estimate",Idaho!!Percent of women who had a birth in the past 12 months who were unmarried!!Estimate,Illinois!!Total!!Estimate,Illinois!!Women with births in the past 12 months!!Number!!Estimate,Illinois!!Women with births in the past 12 months!!Percent Distribution!!Estimate,"Illinois!!Women with births in the past 12 months!!Rate per 1,000 women!!Estimate",Illinois!!Percent of women who had a birth in the past 12 months who were unmarried!!Estimate,Indiana!!Total!!Estimate,Indiana!!Women with births in the past 12 months!!Number!!Estimate,Indiana!!Women with births in the past 12 months!!Percent Distribution!!Estimate,"Indiana!!Women with births in the past 12 months!!Rate per 1,000 women!!Estimate",Indiana!!Percent of women who had a birth in the past 12 months who were unmarried!!Estimate,Iowa!!Total!!Estimate,Iowa!!Women with births in the past 12 months!!Number!!Estimate,Iowa!!Women with births in the past 12 months!!Percent Distribution!!Estimate,"Iowa!!Women with births in the past 12 months!!Rate per 1,000 women!!Estimate",Iowa!!Percent of women who had a birth in the past 12 months who were unmarried!!Estimate,Kansas!!Total!!Estimate,Kansas!!Women with births in the past 12 months!!Number!!Estimate,Kansas!!Women with births in the past 12 months!!Percent Distribution!!Estimate,"Kansas!!Women with births in the past 12 months!!Rate per 1,000 women!!Estimate",Kansas!!Percent of women who had a birth in the past 12 months who were unmarried!!Estimate,Kentucky!!Total!!Estimate,Kentucky!!Women with births in the past 12 months!!Number!!Estimate,Kentucky!!Women with births in the past 12 months!!Percent Distribution!!Estimate,"Kentucky!!Women with births in the past 12 months!!Rate per 1,000 women!!Estimate",Kentucky!!Percent of women who had a birth in the past 12 months who were unmarried!!Estimate,Louisiana!!Total!!Estimate,Louisiana!!Women with births in the past 12 months!!Number!!Estimate,Louisiana!!Women with births in the past 12 months!!Percent Distribution!!Estimate,"Louisiana!!Women with births in the past 12 months!!Rate per 1,000 women!!Estimate",Louisiana!!Percent of women who had a birth in the past 12 months who were unmarried!!Estimate,Maine!!Total!!Estimate,Maine!!Women with births in the past 12 months!!Number!!Estimate,Maine!!Women with births in the past 12 months!!Percent Distribution!!Estimate,"Maine!!Women with births in the past 12 months!!Rate per 1,000 women!!Estimate",Maine!!Percent of women who had a birth in the past 12 months who were unmarried!!Estimate,Maryland!!Total!!Estimate,Maryland!!Women with births in the past 12 months!!Number!!Estimate,Maryland!!Women with births in the past 12 months!!Percent Distribution!!Estimate,"Maryland!!Women with births in the past 12 months!!Rate per 1,000 women!!Estimate",Maryland!!Percent of women who had a birth in the past 12 months who were unmarried!!Estimate,Massachusetts!!Total!!Estimate,Massachusetts!!Women with births in the past 12 months!!Number!!Estimate,Massachusetts!!Women with births in the past 12 months!!Percent Distribution!!Estimate,"Massachusetts!!Women with births in the past 12 months!!Rate per 1,000 women!!Estimate",Massachusetts!!Percent of women who had a birth in the past 12 months who were unmarried!!Estimate,Michigan!!Total!!Estimate,Michigan!!Women with births in the past 12 months!!Number!!Estimate,Michigan!!Women with births in the past 12 months!!Percent Distribution!!Estimate,"Michigan!!Women with births in the past 12 months!!Rate per 1,000 women!!Estimate",Michigan!!Percent of women who had a birth in the past 12 months who were unmarried!!Estimate,Minnesota!!Total!!Estimate,Minnesota!!Women with births in the past 12 months!!Number!!Estimate,Minnesota!!Women with births in the past 12 months!!Percent Distribution!!Estimate,"Minnesota!!Women with births in the past 12 months!!Rate per 1,000 women!!Estimate",Minnesota!!Percent of women who had a birth in the past 12 months who were unmarried!!Estimate,Mississippi!!Total!!Estimate,Mississippi!!Women with births in the past 12 months!!Number!!Estimate,Mississippi!!Women with births in the past 12 months!!Percent Distribution!!Estimate,"Mississippi!!Women with births in the past 12 months!!Rate per 1,000 women!!Estimate",Mississippi!!Percent of women who had a birth in the past 12 months who were unmarried!!Estimate,Missouri!!Total!!Estimate,Missouri!!Women with births in the past 12 months!!Number!!Estimate,Missouri!!Women with births in the past 12 months!!Percent Distribution!!Estimate,"Missouri!!Women with births in the past 12 months!!Rate per 1,000 women!!Estimate",Missouri!!Percent of women who had a birth in the past 12 months who were unmarried!!Estimate,Montana!!Total!!Estimate,Montana!!Women with births in the past 12 months!!Number!!Estimate,Montana!!Women with births in the past 12 months!!Percent Distribution!!Estimate,"Montana!!Women with births in the past 12 months!!Rate per 1,000 women!!Estimate",Montana!!Percent of women who had a birth in the past 12 months who were unmarried!!Estimate,Nebraska!!Total!!Estimate,Nebraska!!Women with births in the past 12 months!!Number!!Estimate,Nebraska!!Women with births in the past 12 months!!Percent Distribution!!Estimate,"Nebraska!!Women with births in the past 12 months!!Rate per 1,000 women!!Estimate",Nebraska!!Percent of women who had a birth in the past 12 months who were unmarried!!Estimate,Nevada!!Total!!Estimate,Nevada!!Women with births in the past 12 months!!Number!!Estimate,Nevada!!Women with births in the past 12 months!!Percent Distribution!!Estimate,"Nevada!!Women with births in the past 12 months!!Rate per 1,000 women!!Estimate",Nevada!!Percent of women who had a birth in the past 12 months who were unmarried!!Estimate,New Hampshire!!Total!!Estimate,New Hampshire!!Women with births in the past 12 months!!Number!!Estimate,New Hampshire!!Women with births in the past 12 months!!Percent Distribution!!Estimate,"New Hampshire!!Women with births in the past 12 months!!Rate per 1,000 women!!Estimate",New Hampshire!!Percent of women who had a birth in the past 12 months who were unmarried!!Estimate,New Jersey!!Total!!Estimate,New Jersey!!Women with births in the past 12 months!!Number!!Estimate,New Jersey!!Women with births in the past 12 months!!Percent Distribution!!Estimate,"New Jersey!!Women with births in the past 12 months!!Rate per 1,000 women!!Estimate",New Jersey!!Percent of women who had a birth in the past 12 months who were unmarried!!Estimate,New Mexico!!Total!!Estimate,New Mexico!!Women with births in the past 12 months!!Number!!Estimate,New Mexico!!Women with births in the past 12 months!!Percent Distribution!!Estimate,"New Mexico!!Women with births in the past 12 months!!Rate per 1,000 women!!Estimate",New Mexico!!Percent of women who had a birth in the past 12 months who were unmarried!!Estimate,New York!!Total!!Estimate,New York!!Women with births in the past 12 months!!Number!!Estimate,New York!!Women with births in the past 12 months!!Percent Distribution!!Estimate,"New York!!Women with births in the past 12 months!!Rate per 1,000 women!!Estimate",New York!!Percent of women who had a birth in the past 12 months who were unmarried!!Estimate,North Carolina!!Total!!Estimate,North Carolina!!Women with births in the past 12 months!!Number!!Estimate,North Carolina!!Women with births in the past 12 months!!Percent Distribution!!Estimate,"North Carolina!!Women with births in the past 12 months!!Rate per 1,000 women!!Estimate",North Carolina!!Percent of women who had a birth in the past 12 months who were unmarried!!Estimate,North Dakota!!Total!!Estimate,North Dakota!!Women with births in the past 12 months!!Number!!Estimate,North Dakota!!Women with births in the past 12 months!!Percent Distribution!!Estimate,"North Dakota!!Women with births in the past 12 months!!Rate per 1,000 women!!Estimate",North Dakota!!Percent of women who had a birth in the past 12 months who were unmarried!!Estimate,Ohio!!Total!!Estimate,Ohio!!Women with births in the past 12 months!!Number!!Estimate,Ohio!!Women with births in the past 12 months!!Percent Distribution!!Estimate,"Ohio!!Women with births in the past 12 months!!Rate per 1,000 women!!Estimate",Ohio!!Percent of women who had a birth in the past 12 months who were unmarried!!Estimate,Oklahoma!!Total!!Estimate,Oklahoma!!Women with births in the past 12 months!!Number!!Estimate,Oklahoma!!Women with births in the past 12 months!!Percent Distribution!!Estimate,"Oklahoma!!Women with births in the past 12 months!!Rate per 1,000 women!!Estimate",Oklahoma!!Percent of women who had a birth in the past 12 months who were unmarried!!Estimate,Oregon!!Total!!Estimate,Oregon!!Women with births in the past 12 months!!Number!!Estimate,Oregon!!Women with births in the past 12 months!!Percent Distribution!!Estimate,"Oregon!!Women with births in the past 12 months!!Rate per 1,000 women!!Estimate",Oregon!!Percent of women who had a birth in the past 12 months who were unmarried!!Estimate,Pennsylvania!!Total!!Estimate,Pennsylvania!!Women with births in the past 12 months!!Number!!Estimate,Pennsylvania!!Women with births in the past 12 months!!Percent Distribution!!Estimate,"Pennsylvania!!Women with births in the past 12 months!!Rate per 1,000 women!!Estimate",Pennsylvania!!Percent of women who had a birth in the past 12 months who were unmarried!!Estimate,Rhode Island!!Total!!Estimate,Rhode Island!!Women with births in the past 12 months!!Number!!Estimate,Rhode Island!!Women with births in the past 12 months!!Percent Distribution!!Estimate,"Rhode Island!!Women with births in the past 12 months!!Rate per 1,000 women!!Estimate",Rhode Island!!Percent of women who had a birth in the past 12 months who were unmarried!!Estimate,South Carolina!!Total!!Estimate,South Carolina!!Women with births in the past 12 months!!Number!!Estimate,South Carolina!!Women with births in the past 12 months!!Percent Distribution!!Estimate,"South Carolina!!Women with births in the past 12 months!!Rate per 1,000 women!!Estimate",South Carolina!!Percent of women who had a birth in the past 12 months who were unmarried!!Estimate,South Dakota!!Total!!Estimate,South Dakota!!Women with births in the past 12 months!!Number!!Estimate,South Dakota!!Women with births in the past 12 months!!Percent Distribution!!Estimate,"South Dakota!!Women with births in the past 12 months!!Rate per 1,000 women!!Estimate",South Dakota!!Percent of women who had a birth in the past 12 months who were unmarried!!Estimate,Tennessee!!Total!!Estimate,Tennessee!!Women with births in the past 12 months!!Number!!Estimate,Tennessee!!Women with births in the past 12 months!!Percent Distribution!!Estimate,"Tennessee!!Women with births in the past 12 months!!Rate per 1,000 women!!Estimate",Tennessee!!Percent of women who had a birth in the past 12 months who were unmarried!!Estimate,Texas!!Total!!Estimate,Texas!!Women with births in the past 12 months!!Number!!Estimate,Texas!!Women with births in the past 12 months!!Percent Distribution!!Estimate,"Texas!!Women with births in the past 12 months!!Rate per 1,000 women!!Estimate",Texas!!Percent of women who had a birth in the past 12 months who were unmarried!!Estimate,Utah!!Total!!Estimate,Utah!!Women with births in the past 12 months!!Number!!Estimate,Utah!!Women with births in the past 12 months!!Percent Distribution!!Estimate,"Utah!!Women with births in the past 12 months!!Rate per 1,000 women!!Estimate",Utah!!Percent of women who had a birth in the past 12 months who were unmarried!!Estimate,Vermont!!Total!!Estimate,Vermont!!Women with births in the past 12 months!!Number!!Estimate,Vermont!!Women with births in the past 12 months!!Percent Distribution!!Estimate,"Vermont!!Women with births in the past 12 months!!Rate per 1,000 women!!Estimate",Vermont!!Percent of women who had a birth in the past 12 months who were unmarried!!Estimate,Virginia!!Total!!Estimate,Virginia!!Women with births in the past 12 months!!Number!!Estimate,Virginia!!Women with births in the past 12 months!!Percent Distribution!!Estimate,"Virginia!!Women with births in the past 12 months!!Rate per 1,000 women!!Estimate",Virginia!!Percent of women who had a birth in the past 12 months who were unmarried!!Estimate,Washington!!Total!!Estimate,Washington!!Women with births in the past 12 months!!Number!!Estimate,Washington!!Women with births in the past 12 months!!Percent Distribution!!Estimate,"Washington!!Women with births in the past 12 months!!Rate per 1,000 women!!Estimate",Washington!!Percent of women who had a birth in the past 12 months who were unmarried!!Estimate,West Virginia!!Total!!Estimate,West Virginia!!Women with births in the past 12 months!!Number!!Estimate,West Virginia!!Women with births in the past 12 months!!Percent Distribution!!Estimate,"West Virginia!!Women with births in the past 12 months!!Rate per 1,000 women!!Estimate",West Virginia!!Percent of women who had a birth in the past 12 months who were unmarried!!Estimate,Wisconsin!!Total!!Estimate,Wisconsin!!Women with births in the past 12 months!!Number!!Estimate,Wisconsin!!Women with births in the past 12 months!!Percent Distribution!!Estimate,"Wisconsin!!Women with births in the past 12 months!!Rate per 1,000 women!!Estimate",Wisconsin!!Percent of women who had a birth in the past 12 months who were unmarried!!Estimate,Wyoming!!Total!!Estimate,Wyoming!!Women with births in the past 12 months!!Number!!Estimate,Wyoming!!Women with births in the past 12 months!!Percent Distribution!!Estimate,"Wyoming!!Women with births in the past 12 months!!Rate per 1,000 women!!Estimate",Wyoming!!Percent of women who had a birth in the past 12 months who were unmarried!!Estimate,Puerto Rico!!Total!!Estimate,Puerto Rico!!Women with births in the past 12 months!!Number!!Estimate,Puerto Rico!!Women with births in the past 12 months!!Percent Distribution!!Estimate,"Puerto Rico!!Women with births in the past 12 months!!Rate per 1,000 women!!Estimate",Puerto Rico!!Percent of women who had a birth in the past 12 months who were unmarried!!Estimate
Women 15 to 50 years,"1,184,720","61,506",(X),52,30.20%,"167,711","10,125",(X),60,24.20%,"1,680,785","86,548",(X),51,34.70%,"691,139","39,688",(X),57,36.80%,"9,379,994","453,850",(X),48,31.10%,"1,415,498","70,204",(X),50,19.80%,"830,772","37,999",(X),46,29.50%,"223,536","12,915",(X),58,31.50%,"202,248","8,309",(X),41,41.80%,"4,823,014","237,974",(X),49,34.40%,"2,675,339","151,128",(X),56,36.00%,"309,477","15,928",(X),51,27.80%,"445,394","25,329",(X),57,23.20%,"2,933,672","147,198",(X),50,32.50%,"1,572,461","90,329",(X),57,30.20%,"715,581","41,204",(X),58,25.90%,"664,461","36,787",(X),55,27.80%,"1,025,076","56,396",(X),55,35.30%,"1,071,844","61,980",(X),58,48.80%,"289,628","16,407",(X),57,30.70%,"1,439,491","71,827",(X),50,31.30%,"1,653,407","71,722",(X),43,23.50%,"2,235,671","111,639",(X),50,33.10%,"1,290,998","69,168",(X),54,23.30%,"695,000","40,116",(X),58,44.50%,"1,405,468","74,145",(X),53,33.00%,"244,242","16,895",(X),69,22.90%,"448,329","27,111",(X),60,24.40%,"741,887","41,310",(X),56,29.60%,"301,741","14,072",(X),47,36.20%,"2,100,873","105,942",(X),50,25.20%,"478,480","24,681",(X),52,34.50%,"4,586,785","232,961",(X),51,29.90%,"2,518,824","129,267",(X),51,32.80%,"178,277","10,748",(X),60,17.40%,"2,633,339","144,549",(X),55,36.30%,"937,439","54,326",(X),58,31.00%,"986,805","44,166",(X),45,23.10%,"2,881,967","149,542",(X),52,27.90%,"255,726","11,327",(X),44,31.60%,"1,202,167","63,426",(X),53,37.20%,"192,854","14,399",(X),75,34.30%,"1,645,449","82,884",(X),50,32.00%,"7,404,162","420,463",(X),57,31.00%,"863,625","50,803",(X),59,12.80%,"141,237","6,908",(X),49,29.70%,"2,043,620","104,539",(X),51,27.20%,"1,833,501","92,565",(X),50,21.70%,"377,457","19,540",(X),52,37.90%,"1,301,817","66,580",(X),51,27.70%,"126,741","7,469",(X),59,28.80%,"743,480","21,708",(X),29,67.10%
    15 to 19 years,"171,783",651,1.10%,4,97.20%,"22,013",124,1.20%,6,100.00%,"236,982","3,252",3.80%,14,89.40%,"96,432","2,024",5.10%,21,81.20%,"1,253,912","7,032",1.50%,6,86.60%,"179,320","1,103",1.60%,6,85.00%,"119,922",418,1.10%,3,100.00%,"31,044",80,0.60%,3,100.00%,"19,767",78,0.90%,4,100.00%,"620,282","3,788",1.60%,6,92.40%,"372,449","3,442",2.30%,9,100.00%,"36,678",106,0.70%,3,0.00%,"65,764",352,1.40%,5,100.00%,"397,325","2,153",1.50%,5,91.00%,"226,529","2,472",2.70%,11,68.80%,"105,408",487,1.20%,5,80.50%,"100,183","1,510",4.10%,15,70.90%,"142,873","1,242",2.20%,9,72.70%,"149,995","1,933",3.10%,13,92.80%,"36,325",86,0.50%,2,100.00%,"192,279","1,593",2.20%,8,100.00%,"226,567",605,0.80%,3,100.00%,"312,945","1,440",1.30%,5,77.20%,"182,243","1,243",1.80%,7,100.00%,"108,898","2,162",5.40%,20,98.10%,"197,522","1,712",2.30%,9,92.20%,"33,038",177,1.00%,5,100.00%,"68,525",707,2.60%,10,100.00%,"95,069","1,007",2.40%,11,89.20%,"42,386",0,0.00%,0,-,"280,550","1,475",1.40%,5,100.00%,"70,303",147,0.60%,2,89.80%,"588,791","2,005",0.90%,3,82.90%,"339,573","1,991",1.50%,6,86.00%,"26,045",208,1.90%,8,100.00%,"372,406","3,414",2.40%,9,96.60%,"137,308","2,327",4.30%,17,75.40%,"125,806",387,0.90%,3,100.00%,"417,001","2,742",1.80%,7,89.30%,"37,651",157,1.40%,4,100.00%,"166,848","2,558",4.00%,15,87.40%,"28,981",215,1.50%,7,80.90%,"219,089","3,590",4.30%,16,84.50%,"1,048,350","12,142",2.90%,12,71.70%,"135,766",449,0.90%,3,39.40%,"21,076",60,0.90%,3,100.00%,"278,062","2,362",2.30%,8,88.70%,"222,236","1,766",1.90%,8,93.70%,"54,167",839,4.30%,15,71.40%,"185,708",819,1.20%,4,97.40%,"17,961",220,2.90%,12,100.00%,"93,630",788,3.60%,8,100.00%
    20 to 34 years,"500,263","48,565",79.00%,97,32.20%,"73,709","7,354",72.60%,100,27.00%,"741,982","57,861",66.90%,78,35.30%,"293,111","30,625",77.20%,104,34.40%,"4,060,864","288,971",63.70%,71,35.40%,"623,355","45,312",64.50%,73,20.40%,"342,785","22,645",59.60%,66,33.20%,"95,320","8,205",63.50%,86,33.60%,"104,114","4,936",59.40%,47,53.70%,"2,021,568","163,769",68.80%,81,37.60%,"1,130,735","108,922",72.10%,96,40.00%,"130,238","9,434",59.20%,72,31.00%,"191,815","19,017",75.10%,99,20.00%,"1,250,111","97,579",66.30%,78,36.40%,"676,342","67,260",74.50%,99,31.60%,"306,679","32,093",77.90%,105,27.50%,"286,056","25,571",69.50%,89,30.00%,"435,355","43,872",77.80%,101,38.70%,"449,076","45,424",73.30%,101,48.90%,"122,149","11,231",68.50%,92,33.10%,"590,418","48,662",67.70%,82,35.20%,"726,128","43,533",60.70%,60,26.80%,"978,285","80,681",72.30%,82,35.80%,"540,743","48,271",69.80%,89,25.40%,"281,847","29,492",73.50%,105,44.20%,"605,731","56,112",75.70%,93,33.60%,"104,106","10,800",63.90%,104,23.10%,"189,072","19,475",71.80%,103,27.00%,"316,318","26,846",65.00%,85,33.80%,"126,161","8,939",63.50%,71,39.10%,"861,483","60,489",57.10%,70,25.40%,"203,108","17,812",72.20%,88,35.50%,"2,023,012","148,811",63.90%,74,32.70%,"1,077,888","89,553",69.30%,83,37.20%,"79,947","8,339",77.60%,104,12.30%,"1,130,083","109,284",75.60%,97,38.70%,"399,548","40,836",75.20%,102,31.60%,"417,252","29,121",65.90%,70,25.50%,"1,229,445","104,139",69.60%,85,29.10%,"111,041","7,733",68.30%,70,39.70%,"509,491","45,260",71.40%,89,38.30%,"80,935","10,575",73.40%,131,34.00%,"716,819","60,933",73.50%,85,30.70%,"3,162,455","300,089",71.40%,95,32.70%,"384,756","40,198",79.10%,104,13.30%,"58,563","4,481",64.90%,77,35.90%,"860,377","70,934",67.90%,82,30.30%,"798,032","62,888",67.90%,79,22.00%,"154,682","14,597",74.70%,94,42.30%,"555,914","49,876",74.90%,90,28.30%,"51,110","5,354",71.70%,105,25.90%,"309,106","17,447",80.40%,56,68.70%
    35 to 50 years,"512,674","12,290",20.00%,24,18.90%,"71,989","2,647",26.10%,37,13.00%,"701,821","25,435",29.40%,36,26.30%,"301,596","7,039",17.70%,23,34.50%,"4,065,218","157,847",34.80%,39,20.70%,"612,823","23,789",33.90%,39,15.70%,"368,065","14,936",39.30%,41,21.70%,"97,172","4,630",35.80%,48,26.60%,"78,367","3,295",39.70%,42,22.50%,"2,181,164","70,417",29.60%,32,23.80%,"1,172,155","38,764",25.60%,33,19.00%,"142,561","6,388",40.10%,45,23.50%,"187,815","5,960",23.50%,32,29.10%,"1,286,236","47,466",32.20%,37,21.60%,"669,590","20,597",22.80%,31,21.10%,"303,494","8,624",20.90%,28,16.90%,"278,222","9,706",26.40%,35,15.40%,"446,848","11,282",20.00%,25,17.80%,"472,773","14,623",23.60%,31,42.60%,"131,154","5,090",31.00%,39,24.10%,"656,794","21,572",30.00%,33,17.60%,"700,712","27,584",38.50%,39,16.60%,"944,441","29,518",26.40%,31,23.60%,"568,012","19,654",28.40%,35,13.30%,"304,255","8,462",21.10%,28,32.00%,"602,215","16,321",22.00%,27,24.60%,"107,098","5,918",35.00%,55,20.20%,"190,732","6,929",25.60%,36,9.30%,"330,500","13,457",32.60%,41,16.70%,"133,194","5,133",36.50%,39,31.20%,"958,840","43,978",41.50%,46,22.30%,"205,069","6,722",27.20%,33,30.80%,"1,974,982","82,145",35.30%,42,23.50%,"1,101,363","37,723",29.20%,34,19.30%,"72,285","2,201",20.50%,30,28.60%,"1,130,850","31,851",22.00%,28,21.60%,"400,583","11,163",20.50%,28,19.50%,"443,747","14,658",33.20%,33,16.40%,"1,235,521","42,661",28.50%,35,21.00%,"107,034","3,437",30.30%,32,10.40%,"525,828","15,608",24.60%,30,25.90%,"82,938","3,609",25.10%,44,32.30%,"709,541","18,361",22.20%,26,26.20%,"3,193,357","108,232",25.70%,34,21.50%,"343,103","10,156",20.00%,30,9.50%,"61,598","2,367",34.30%,38,16.30%,"905,181","31,243",29.90%,35,15.50%,"813,233","27,911",30.20%,34,16.60%,"168,608","4,104",21.00%,24,15.20%,"560,195","15,885",23.90%,28,22.20%,"57,670","1,895",25.40%,33,28.70%,"340,744","3,473",16.00%,10,51.60%
    RACE AND HISPANIC OR LATINO ORIGIN,,,,,,,,,,,,,,,,,,,,,,,,,,,,,,,,,,,,,,,,,,,,,,,,,,,,,,,,,,,,,,,,,,,,,,,,,,,,,,,,,,,,,,,,,,,,,,,,,,,,,,,,,,,,,,,,,,,,,,,,,,,,,,,,,,,,,,,,,,,,,,,,,,,,,,,,,,,,,,,,,,,,,,,,,,,,,,,,,,,,,,,,,,,,,,,,,,,,,,,,,,,,,,,,,,,,,,,,,,,,,,,,,,,,,,,,,,,,,,,,,,,,,,,,,,,,,,,,,,,,
        One race,N,N,N,N,N,N,N,N,N,N,N,N,N,N,N,"613,031","35,198",88.70%,57,38.20%,"7,542,114","369,944",81.50%,49,29.40%,N,N,N,N,N,N,N,N,N,N,N,N,N,N,N,N,N,N,N,N,"3,810,809","188,147",79.10%,49,32.80%,N,N,N,N,N,N,N,N,N,N,N,N,N,N,N,"2,592,762","132,119",89.80%,51,31.50%,N,N,N,N,N,"662,189","38,046",92.30%,57,24.70%,N,N,N,N,N,N,N,N,N,N,N,N,N,N,N,N,N,N,N,N,N,N,N,N,N,N,N,N,N,N,N,N,N,N,N,"1,197,317","64,634",93.40%,54,21.90%,N,N,N,N,N,"1,299,448","68,247",92.00%,53,31.10%,N,N,N,N,N,N,N,N,N,N,"595,425","33,972",82.20%,57,29.80%,N,N,N,N,N,N,N,N,N,N,N,N,N,N,N,N,N,N,N,N,N,N,N,N,N,N,N,N,N,N,N,N,N,N,N,"793,555","45,573",83.90%,57,28.90%,N,N,N,N,N,N,N,N,N,N,N,N,N,N,N,N,N,N,N,N,N,N,N,N,N,N,N,N,N,N,"5,595,936","313,644",74.60%,56,29.30%,"789,929","47,974",94.40%,61,12.80%,N,N,N,N,N,N,N,N,N,N,"1,593,138","79,594",86.00%,50,20.10%,N,N,N,N,N,N,N,N,N,N,N,N,N,N,N,N,N,N,N,N
            White,"723,841","37,550",61.10%,52,17.80%,"96,281","6,027",59.50%,63,20.30%,"862,874","40,759",47.10%,47,27.30%,"455,899","24,060",60.60%,53,27.90%,"3,248,620","154,316",34.00%,48,21.70%,"960,927","46,751",66.60%,49,18.30%,"488,586","21,561",56.70%,44,25.90%,"119,784","6,299",48.80%,53,19.60%,"87,813","2,358",28.40%,27,0.00%,"2,369,870","110,522",46.40%,47,25.70%,"1,243,094","70,206",46.50%,56,21.10%,"62,659","3,020",19.00%,48,10.20%,"360,220","19,457",76.80%,54,20.30%,"1,655,065","83,468",56.70%,50,22.40%,"1,172,042","66,192",73.30%,56,25.80%,"584,295","33,000",80.10%,56,23.00%,"489,274","25,319",68.80%,52,22.10%,"832,364","46,392",82.30%,56,33.60%,"581,220","30,563",49.30%,53,27.10%,"258,481","14,205",86.60%,55,31.00%,"634,137","29,253",40.70%,46,17.50%,"1,050,162","40,747",56.80%,39,15.80%,"1,569,075","78,012",69.90%,50,23.90%,"942,911","48,369",69.90%,51,18.20%,"355,382","20,463",51.00%,58,26.90%,"1,053,033","55,419",74.70%,53,23.80%,"202,771","13,508",80.00%,67,22.20%,"340,743","18,187",67.10%,53,17.70%,"320,068","16,736",40.50%,52,23.30%,"255,371","11,307",80.40%,44,37.00%,"1,015,919","53,626",50.60%,53,16.00%,"198,511","9,179",37.20%,46,26.90%,"2,343,189","120,051",51.50%,51,19.70%,"1,453,036","73,509",56.90%,51,20.50%,"143,794","8,200",76.30%,57,9.30%,"1,954,293","99,818",69.10%,51,28.20%,"582,839","32,652",60.10%,56,23.80%,"698,253","30,900",70.00%,44,22.30%,"2,021,379","101,905",68.10%,50,21.90%,"166,240","6,291",55.50%,38,30.30%,"717,381","35,284",55.60%,49,18.90%,"151,421","10,140",70.40%,67,29.30%,"1,154,595","57,014",68.80%,49,21.90%,"3,282,889","188,863",44.90%,58,25.50%,"675,785","40,505",79.70%,60,10.90%,"125,095","6,033",87.30%,48,32.40%,"1,142,990","57,737",55.20%,51,19.60%,"1,126,767","53,597",57.90%,48,18.40%,"337,857","17,207",88.10%,51,35.80%,"1,002,680","52,602",79.00%,52,23.20%,"105,496","6,348",85.00%,60,29.40%,"183,827","5,270",24.30%,29,54.40%
            Black or African American,"345,136","16,056",26.10%,47,61.30%,"4,812",189,1.90%,39,32.80%,"87,710","6,012",6.90%,69,40.10%,"109,953","7,911",19.90%,72,68.40%,"509,207","23,545",5.20%,46,60.40%,"58,400","3,584",5.10%,61,26.20%,"101,817","4,117",10.80%,40,55.60%,"57,920","3,885",30.10%,67,44.80%,"74,169","3,702",44.60%,50,72.90%,"859,170","46,558",19.60%,54,50.60%,"911,952","50,760",33.60%,56,56.40%,"6,644",225,1.40%,34,0.00%,N,N,N,N,N,"432,998","24,653",16.70%,57,67.10%,"166,181","10,381",11.50%,62,56.90%,"29,780","2,116",5.10%,71,47.40%,"38,905","1,662",4.50%,43,54.80%,"89,295","4,146",7.40%,46,57.60%,"367,801","23,439",37.80%,64,80.80%,"5,141",689,4.20%,134,8.00%,"462,104","23,319",32.50%,50,49.20%,"131,757","7,400",10.30%,56,41.80%,"326,695","16,120",14.40%,49,77.00%,"104,374","7,325",10.60%,70,33.90%,"281,095","15,657",39.00%,56,71.50%,"168,374","7,756",10.50%,46,81.30%,780,180,1.10%,231,0.00%,"22,827","1,500",5.50%,66,57.70%,"75,613","5,665",13.70%,75,49.90%,N,N,N,N,N,"299,576","13,039",12.30%,44,53.30%,"9,456",538,2.20%,57,34.20%,"709,838","33,669",14.50%,47,56.60%,"572,615","27,846",21.50%,49,59.50%,"6,392",519,4.80%,81,52.40%,"352,788","24,394",16.90%,69,59.80%,"65,748","3,179",5.90%,48,62.50%,"20,761",754,1.70%,36,5.70%,"343,413","18,276",12.20%,53,56.60%,"17,631","1,049",9.30%,59,58.00%,"334,888","20,345",32.10%,61,69.40%,"4,419",912,6.30%,206,43.40%,"289,051","13,603",16.40%,47,71.20%,"963,124","49,598",11.80%,51,51.90%,"10,583",623,1.20%,59,29.70%,"1,994",159,2.30%,80,6.30%,"405,968","17,670",16.90%,44,54.30%,"73,530","6,383",6.90%,87,42.10%,"13,254",883,4.50%,67,100.00%,"91,232","4,643",7.00%,51,62.80%,N,N,N,N,N,"39,202","1,651",7.60%,42,74.70%
            American Indian and Alaska Native,"6,170",616,1.00%,100,51.30%,"22,536","1,022",10.10%,45,59.20%,"80,513","4,866",5.60%,60,56.90%,"5,628",182,0.50%,32,94.50%,"136,856","8,341",1.80%,61,63.60%,"17,520",591,0.80%,34,10.00%,"2,352",318,0.80%,135,27.70%,N,N,N,N,N,N,N,N,N,N,"22,017","1,844",0.80%,84,41.80%,"15,690","1,102",0.70%,70,40.30%,N,N,N,N,N,"6,094",211,0.80%,35,46.00%,"25,178",962,0.70%,38,68.10%,"8,144",305,0.30%,37,0.00%,"2,686",677,1.60%,252,30.30%,"6,001",512,1.40%,85,44.10%,N,N,N,N,N,"5,014",582,0.90%,116,54.50%,"1,696",35,0.20%,21,100.00%,"6,218",319,0.40%,51,27.30%,N,N,N,N,N,"11,144",559,0.50%,50,32.90%,"13,242",567,0.80%,43,94.90%,"3,358",156,0.40%,46,0.00%,"4,119",283,0.40%,69,64.30%,"14,449",989,5.90%,68,40.40%,"5,009",293,1.10%,58,71.00%,"12,406",739,1.80%,60,40.30%,N,N,N,N,N,"11,715",777,0.70%,66,53.70%,"52,934","2,003",8.10%,38,54.60%,"34,036","1,335",0.60%,39,37.40%,"29,011","1,306",1.00%,45,85.40%,"9,262",787,7.30%,85,46.40%,"4,316",278,0.20%,64,79.90%,"77,050","5,032",9.30%,65,44.00%,"12,975",698,1.60%,54,27.10%,"8,428",674,0.50%,80,88.70%,N,N,N,N,N,"5,120",209,0.30%,41,96.70%,"17,747","1,234",8.60%,70,73.20%,N,N,N,N,N,"65,412","2,495",0.60%,38,19.20%,"10,313",372,0.70%,36,88.70%,N,N,N,N,N,"6,459",378,0.40%,59,0.00%,"26,842","1,339",1.40%,50,59.70%,N,N,N,N,N,"10,054",738,1.10%,73,53.10%,"2,953",81,1.10%,27,65.40%,N,N,N,N,N
            Asian,"23,180","1,696",2.80%,73,0.00%,"12,646",985,9.70%,78,23.20%,"76,846","3,436",4.00%,45,18.10%,"13,329","1,153",2.90%,87,3.20%,"1,556,456","73,686",16.20%,47,15.20%,"60,018","3,078",4.40%,51,23.50%,"50,283","2,431",6.40%,48,5.00%,"11,498",897,6.90%,78,0.00%,"12,476",166,2.00%,13,0.00%,"173,339","8,091",3.40%,47,0.70%,"140,194","6,662",4.40%,48,20.90%,"104,449","5,202",32.70%,50,19.80%,"8,430",696,2.70%,83,0.00%,"207,232","11,813",8.00%,57,2.80%,"53,069","2,713",3.00%,51,5.90%,"23,753",471,1.10%,20,15.70%,"26,544","1,815",4.90%,68,22.10%,"19,303",690,1.20%,36,0.00%,"23,710","1,022",1.60%,43,3.00%,"4,667",97,0.60%,21,0.00%,"108,558","6,285",8.80%,58,4.00%,"155,275","7,114",9.90%,46,11.50%,"99,238","5,007",4.50%,50,9.40%,"88,573","6,043",8.70%,68,27.00%,"7,400",376,0.90%,51,0.00%,"42,478","2,040",2.80%,48,10.70%,N,N,N,N,N,"15,768","1,219",4.50%,77,0.00%,"75,887","3,172",7.70%,42,17.60%,"11,144",463,3.30%,42,47.10%,"245,609","11,451",10.80%,47,4.90%,"12,291",767,3.10%,62,8.70%,"484,105","23,783",10.20%,49,9.70%,"102,175","5,522",4.30%,54,7.00%,"4,932",223,2.10%,45,0.00%,"84,982","5,260",3.60%,62,9.50%,"28,047","1,814",3.30%,65,13.00%,"57,523","3,549",8.00%,62,6.00%,"142,247","9,016",6.00%,63,9.00%,"13,463",725,6.40%,54,0.00%,"27,982",712,1.10%,25,13.60%,"4,261",475,3.30%,111,23.20%,"40,430","1,504",1.80%,37,22.70%,"463,227","25,221",6.00%,54,6.60%,"27,520","1,471",2.90%,53,3.00%,"3,983",93,1.30%,23,0.00%,"175,193","8,986",8.60%,51,4.20%,"227,001","11,098",12.00%,49,6.90%,"3,844",217,1.10%,56,0.00%,"50,587","2,354",3.50%,47,9.50%,N,N,N,N,N,N,N,N,N,N
            Native Hawaiian and Other Pacific Islander,N,N,N,N,N,N,N,N,N,N,N,N,N,N,N,"4,165",260,0.70%,62,0.00%,"39,973","2,097",0.50%,52,46.70%,N,N,N,N,N,N,N,N,N,N,N,N,N,N,N,N,N,N,N,N,"2,690",294,0.10%,109,35.70%,N,N,N,N,N,"32,604","1,866",11.70%,57,63.50%,N,N,N,N,N,"2,396",91,0.10%,38,0.00%,N,N,N,N,N,"2,503",318,0.80%,127,89.60%,N,N,N,N,N,N,N,N,N,N,N,N,N,N,N,N,N,N,N,N,N,N,N,N,N,N,N,N,N,N,N,N,N,N,N,747,74,0.10%,99,74.30%,N,N,N,N,N,"2,041",112,0.20%,55,16.10%,N,N,N,N,N,N,N,N,N,N,"6,335",254,0.60%,40,56.70%,N,N,N,N,N,N,N,N,N,N,N,N,N,N,N,N,N,N,N,N,N,N,N,N,N,N,N,N,N,N,N,N,N,N,N,"2,627",167,0.30%,64,27.50%,N,N,N,N,N,N,N,N,N,N,N,N,N,N,N,N,N,N,N,N,N,N,N,N,N,"1,368",518,0.60%,379,48.50%,"9,007",780,0.20%,87,35.60%,"10,320",876,1.70%,85,50.00%,N,N,N,N,N,N,N,N,N,N,"16,144",826,0.90%,51,12.30%,N,N,N,N,N,N,N,N,N,N,N,N,N,N,N,N,N,N,N,N
            Some other race,"24,739","1,987",3.20%,80,22.10%,N,N,N,N,N,"204,411","9,484",11.00%,46,39.70%,"24,057","1,632",4.10%,68,68.10%,"2,051,002","107,959",23.80%,53,40.50%,"99,658","6,818",9.70%,68,18.10%,"81,000","4,845",12.80%,60,30.30%,"9,660",738,5.70%,76,86.70%,"9,058",882,10.60%,97,22.80%,"383,723","20,838",8.80%,54,42.20%,"131,138","8,585",5.70%,65,42.50%,"7,552",435,2.70%,58,29.70%,"25,006","1,957",7.70%,78,46.00%,"269,893","11,132",7.60%,41,48.80%,"57,644","5,281",5.80%,92,40.80%,"19,172","1,464",3.60%,76,17.10%,"32,608","1,966",5.30%,60,45.60%,"18,011","1,210",2.10%,67,25.50%,"22,941","1,957",3.20%,85,40.80%,"2,562",181,1.10%,71,21.00%,"111,198","7,684",10.70%,69,48.00%,"116,152","7,308",10.20%,63,41.30%,"48,529","2,154",1.90%,44,34.70%,"47,470","2,256",3.30%,48,30.10%,"14,767","1,468",3.70%,99,19.00%,"29,403","2,637",3.60%,90,48.90%,"4,414",876,5.20%,198,0.50%,"20,801","1,797",6.60%,86,25.50%,"105,116","7,406",17.90%,70,32.40%,"6,506",697,5.00%,107,22.40%,"256,251","13,228",12.50%,52,41.40%,"78,749","4,881",19.80%,62,45.60%,"532,443","27,171",11.70%,51,42.50%,"152,832","9,302",7.20%,61,46.00%,"4,032",84,0.80%,21,100.00%,"52,274","5,336",3.70%,102,59.40%,"37,244","2,729",5.00%,73,33.40%,"65,754","3,930",8.90%,60,41.30%,"128,522","9,787",6.50%,76,37.30%,"22,697","1,149",10.10%,51,31.90%,"41,095","2,468",3.90%,60,60.00%,"3,670",352,2.40%,96,0.00%,"43,063","3,883",4.70%,90,32.10%,"812,277","46,687",11.10%,57,33.40%,"55,408","4,127",8.10%,74,17.90%,N,N,N,N,N,"107,462","6,814",6.50%,63,32.80%,"122,854","6,351",6.90%,52,28.90%,"2,503",268,1.40%,107,17.90%,"29,765","1,193",1.80%,40,45.60%,"4,993",76,1.00%,15,100.00%,"227,042","6,897",31.80%,30,66.30%
        Two or more races,"60,193","3,601",5.90%,60,35.90%,"25,349","1,524",15.10%,60,16.30%,"364,050","21,938",25.30%,60,42.50%,"78,108","4,490",11.30%,57,25.60%,"1,837,880","83,906",18.50%,46,38.50%,"217,225","9,306",13.30%,43,25.50%,"106,373","4,579",12.10%,43,32.80%,"23,755","1,096",8.50%,46,40.90%,"17,748","1,201",14.50%,68,47.70%,"1,012,205","49,827",20.90%,49,40.40%,"230,925","13,760",9.10%,60,40.20%,"94,915","5,180",32.50%,55,34.20%,"41,504","2,781",11.00%,67,29.60%,"340,910","15,079",10.20%,44,40.50%,"114,665","5,334",5.90%,47,35.90%,"53,392","3,158",7.70%,59,40.90%,"69,861","5,375",14.60%,77,41.10%,"62,554","3,602",6.40%,58,43.50%,"70,838","4,391",7.10%,62,42.50%,"16,976","1,200",7.30%,71,41.80%,"116,761","4,925",6.90%,42,38.10%,"194,220","9,034",12.60%,47,37.30%,"180,535","9,708",8.70%,54,45.60%,"93,681","4,534",6.60%,48,43.30%,"32,925","1,996",5.00%,61,43.80%,"106,020","5,898",8.00%,56,55.30%,"19,099","1,049",6.20%,55,30.40%,"42,660","4,016",14.80%,94,46.20%,"146,462","7,338",17.80%,50,28.50%,"23,077","1,507",10.70%,65,35.80%,"271,286","13,821",13.00%,51,33.80%,"125,923","7,313",29.60%,58,34.00%,"480,584","26,649",11.40%,55,46.70%,"205,715","11,598",9.00%,56,42.30%,"9,164",617,5.70%,67,62.10%,"183,720","9,463",6.50%,52,61.00%,"143,884","8,753",16.10%,61,42.10%,"126,401","4,279",9.70%,34,29.50%,"237,054","9,884",6.60%,42,40.10%,"34,747","1,780",15.70%,51,39.50%,"75,265","4,321",6.80%,57,23.40%,"11,325","1,286",8.90%,114,43.80%,"114,116","6,362",7.70%,56,39.50%,"1,808,226","106,819",25.40%,59,35.90%,"73,696","2,829",5.60%,38,12.50%,"8,334",623,9.00%,75,14.60%,"202,660","12,954",12.40%,64,38.10%,"240,363","12,971",14.00%,54,31.50%,"19,110",965,4.90%,50,32.30%,"116,616","5,007",7.50%,43,42.70%,"11,559",941,12.60%,81,16.70%,"290,023","7,760",35.70%,27,74.30%
        Hispanic or Latino origin (of any race),"62,924","5,395",8.80%,86,28.70%,"13,648",743,7.30%,54,19.90%,"639,117","35,970",41.60%,56,43.40%,"65,611","4,706",11.90%,72,41.60%,"4,174,456","214,472",47.30%,51,40.60%,"348,748","17,671",25.20%,51,21.00%,"178,728","10,868",28.60%,61,40.50%,"27,479","1,442",11.20%,52,54.70%,"22,132","1,077",13.00%,49,18.70%,"1,502,424","77,919",32.70%,52,38.30%,"305,381","18,588",12.30%,61,38.90%,"38,433","1,830",11.50%,48,28.40%,"66,521","5,057",20.00%,76,40.00%,"618,413","26,456",18.00%,43,47.00%,"143,349","9,493",10.50%,66,43.10%,"59,043","4,595",11.20%,78,31.60%,"100,574","6,644",18.10%,66,45.70%,"47,285","3,397",6.00%,72,24.80%,"60,892","5,326",8.60%,87,42.60%,"7,489",568,3.50%,76,44.90%,"181,459","12,148",16.90%,67,40.90%,"248,691","12,993",18.10%,52,47.60%,"151,739","7,993",7.20%,53,40.90%,"91,250","5,545",8.00%,61,39.00%,"26,223","2,448",6.10%,93,19.00%,"79,481","5,633",7.60%,71,48.80%,"14,449","1,754",10.40%,121,24.30%,"60,517","5,104",18.80%,84,35.30%,"259,297","16,546",40.10%,64,31.50%,"16,986","1,486",10.60%,87,50.60%,"518,048","29,039",27.40%,56,40.90%,"260,848","14,689",59.50%,56,44.00%,"982,295","51,186",22.00%,52,45.70%,"296,621","17,721",13.70%,60,42.60%,"8,642",517,4.80%,60,60.20%,"135,546","8,303",5.70%,61,57.70%,"126,311","8,930",16.40%,71,31.60%,"165,445","8,404",19.00%,51,33.70%,"293,230","20,202",13.50%,69,43.50%,"50,662","2,738",24.20%,54,49.20%,"88,785","5,310",8.40%,60,37.80%,"9,808","1,109",7.70%,113,52.00%,"115,429","9,766",11.80%,85,34.60%,"3,173,310","198,139",47.10%,62,36.50%,"134,123","7,764",15.30%,58,20.60%,"4,623",393,5.70%,85,18.10%,"244,480","15,710",15.00%,64,42.00%,"287,388","15,903",17.20%,55,31.70%,"8,012",425,2.20%,53,61.60%,"116,888","5,816",8.70%,50,50.60%,"14,597",454,6.10%,31,33.70%,"737,022","21,147",97.40%,29,67.80%
"        White alone, not Hispanic or Latino","708,450","36,449",59.30%,51,17.40%,"91,654","5,746",56.80%,63,21.20%,"739,639","32,649",37.70%,44,22.10%,"443,782","22,831",57.50%,51,27.40%,"2,674,753","122,293",26.90%,46,18.70%,"872,589","43,002",61.30%,49,17.60%,"458,105","19,827",52.20%,43,24.60%,"117,206","6,218",48.10%,53,19.90%,"83,566","2,358",28.40%,28,0.00%,"2,070,994","96,016",40.30%,46,24.50%,"1,193,119","67,051",44.40%,56,20.30%,"57,843","2,906",18.20%,50,10.60%,"343,492","18,408",72.70%,54,19.80%,"1,561,929","78,736",53.50%,50,21.00%,"1,141,998","64,392",71.30%,56,24.80%,"569,611","32,145",78.00%,56,23.00%,"463,157","24,259",65.90%,52,20.80%,"823,046","46,029",81.60%,56,33.70%,"571,142","30,106",48.60%,53,27.20%,"256,486","13,988",85.30%,55,29.90%,"614,048","27,704",38.60%,45,17.80%,"1,014,581","38,543",53.70%,38,14.70%,"1,530,646","75,855",67.90%,50,23.60%,"928,138","46,800",67.70%,50,17.80%,"352,041","20,127",50.20%,57,27.40%,"1,035,579","54,351",73.30%,52,23.80%,"197,254","12,359",73.20%,63,21.00%,"326,947","17,021",62.80%,52,17.80%,"276,872","13,577",32.90%,49,20.80%,"251,194","11,118",79.00%,44,36.50%,"953,418","48,906",46.20%,51,13.40%,"133,450","6,262",25.40%,47,13.70%,"2,222,488","114,719",49.20%,52,18.60%,"1,412,633","71,004",54.90%,50,19.80%,"141,657","8,048",74.90%,57,8.20%,"1,924,820","98,811",68.40%,51,28.00%,"554,989","30,379",55.90%,55,22.60%,"662,585","29,072",65.80%,44,21.70%,"1,973,300","98,409",65.80%,50,21.20%,"160,626","6,012",53.10%,37,27.00%,"702,129","34,460",54.30%,49,18.70%,"149,334","9,895",68.70%,66,28.90%,"1,133,189","55,292",66.70%,49,22.00%,"2,565,383","137,500",32.70%,54,20.10%,"640,953","38,060",74.90%,59,10.30%,"123,440","6,012",87.00%,49,32.50%,"1,108,731","55,325",52.90%,50,18.80%,"1,075,233","50,951",55.00%,47,18.20%,"335,901","17,106",87.50%,51,35.40%,"980,681","50,886",76.40%,52,22.60%,"100,674","6,120",81.90%,61,29.10%,N,N,N,N,N
    NATIVITY,,,,,,,,,,,,,,,,,,,,,,,,,,,,,,,,,,,,,,,,,,,,,,,,,,,,,,,,,,,,,,,,,,,,,,,,,,,,,,,,,,,,,,,,,,,,,,,,,,,,,,,,,,,,,,,,,,,,,,,,,,,,,,,,,,,,,,,,,,,,,,,,,,,,,,,,,,,,,,,,,,,,,,,,,,,,,,,,,,,,,,,,,,,,,,,,,,,,,,,,,,,,,,,,,,,,,,,,,,,,,,,,,,,,,,,,,,,,,,,,,,,,,,,,,,,,,,,,,,,,
        Native,"1,124,176","55,575",90.40%,49,32.70%,"152,185","8,756",86.50%,58,25.60%,"1,415,213","68,239",78.80%,48,36.90%,"644,947","35,973",90.60%,56,38.20%,"6,816,110","318,795",70.20%,47,34.60%,"1,244,194","59,892",85.30%,48,21.80%,"676,506","27,266",71.80%,40,32.60%,"193,383","10,946",84.80%,57,30.90%,"168,334","6,877",82.80%,41,47.50%,"3,641,423","168,502",70.80%,46,37.10%,"2,325,491","125,367",83.00%,54,38.20%,"248,775","12,484",78.40%,50,28.40%,"411,591","22,007",86.90%,53,22.30%,"2,456,520","120,328",81.70%,49,36.50%,"1,438,864","80,291",88.90%,56,32.20%,"653,365","36,450",88.50%,56,25.40%,"599,458","31,619",86.00%,53,29.00%,"965,917","52,958",93.90%,55,36.10%,"1,019,566","58,350",94.10%,57,49.90%,"276,507","15,234",92.90%,55,31.80%,"1,145,200","50,273",70.00%,44,33.90%,"1,295,909","49,723",69.30%,38,24.10%,"2,043,025","97,956",87.70%,48,36.20%,"1,127,330","56,311",81.40%,50,25.00%,"677,645","38,298",95.50%,57,45.60%,"1,324,321","68,500",92.40%,52,33.60%,"235,172","15,654",92.70%,67,24.20%,"403,652","22,674",83.60%,56,26.20%,"584,555","31,296",75.80%,54,32.50%,"277,109","12,559",89.20%,45,36.30%,"1,518,171","69,610",65.70%,46,25.10%,"422,379","20,862",84.50%,49,37.70%,"3,461,304","164,423",70.60%,48,32.90%,"2,233,440","108,889",84.20%,49,34.80%,"165,626","9,453",88.00%,57,14.90%,"2,455,264","129,017",89.30%,53,38.70%,"863,045","48,726",89.70%,56,32.50%,"870,328","35,400",80.20%,41,26.00%,"2,594,271","127,574",85.30%,49,29.30%,"211,726","8,507",75.10%,40,35.40%,"1,120,289","57,694",91.00%,51,37.70%,"182,507","12,611",87.60%,69,34.00%,"1,524,277","76,023",91.70%,50,32.70%,"5,917,972","324,293",77.10%,55,33.80%,"770,555","44,486",87.60%,58,13.00%,"134,505","6,698",97.00%,50,30.70%,"1,717,332","83,173",79.60%,48,29.60%,"1,473,277","68,995",74.50%,47,23.10%,"369,262","18,844",96.40%,51,38.90%,"1,212,803","60,199",90.40%,50,28.60%,"121,847","7,430",99.50%,61,29.00%,"724,276","21,141",97.40%,29,66.90%
        Foreign born,"60,544","5,931",9.60%,98,7.50%,"15,526","1,369",13.50%,88,15.60%,"265,572","18,309",21.20%,69,26.40%,"46,192","3,715",9.40%,80,22.90%,"2,563,884","135,055",29.80%,53,22.90%,"171,304","10,312",14.70%,60,8.80%,"154,266","10,733",28.20%,70,21.50%,"30,153","1,969",15.20%,65,34.90%,"33,914","1,432",17.20%,42,14.00%,"1,181,591","69,472",29.20%,59,27.80%,"349,848","25,761",17.00%,74,25.10%,"60,702","3,444",21.60%,57,25.40%,"33,803","3,322",13.10%,98,29.20%,"477,152","26,870",18.30%,56,14.50%,"133,597","10,038",11.10%,75,14.30%,"62,216","4,754",11.50%,76,29.70%,"65,003","5,168",14.00%,80,20.70%,"59,159","3,438",6.10%,58,22.00%,"52,278","3,630",5.90%,69,30.40%,"13,121","1,173",7.10%,89,15.30%,"294,291","21,554",30.00%,73,25.40%,"357,498","21,999",30.70%,62,22.20%,"192,646","13,683",12.30%,71,10.70%,"163,668","12,857",18.60%,79,15.80%,"17,355","1,818",4.50%,105,21.80%,"81,147","5,645",7.60%,70,25.20%,"9,070","1,241",7.30%,137,5.60%,"44,677","4,437",16.40%,99,15.30%,"157,332","10,014",24.20%,64,20.30%,"24,632","1,513",10.80%,61,35.40%,"582,702","36,332",34.30%,62,25.30%,"56,101","3,819",15.50%,68,17.30%,"1,125,481","68,538",29.40%,61,22.80%,"285,384","20,378",15.80%,71,21.80%,"12,651","1,295",12.00%,102,35.40%,"178,075","15,532",10.70%,87,16.40%,"74,394","5,600",10.30%,75,18.00%,"116,477","8,766",19.80%,75,11.70%,"287,696","21,968",14.70%,76,19.70%,"44,000","2,820",24.90%,64,20.10%,"81,878","5,732",9.00%,70,32.20%,"10,347","1,788",12.40%,173,36.40%,"121,172","6,861",8.30%,57,24.80%,"1,486,190","96,170",22.90%,65,21.40%,"93,070","6,317",12.40%,68,11.40%,"6,732",210,3.00%,31,0.00%,"326,288","21,366",20.40%,65,17.80%,"360,224","23,570",25.50%,65,17.80%,"8,195",696,3.60%,85,9.20%,"89,014","6,381",9.60%,72,19.50%,"4,894",39,0.50%,8,0.00%,"19,204",567,2.60%,30,75.00%
    EDUCATIONAL ATTAINMENT,,,,,,,,,,,,,,,,,,,,,,,,,,,,,,,,,,,,,,,,,,,,,,,,,,,,,,,,,,,,,,,,,,,,,,,,,,,,,,,,,,,,,,,,,,,,,,,,,,,,,,,,,,,,,,,,,,,,,,,,,,,,,,,,,,,,,,,,,,,,,,,,,,,,,,,,,,,,,,,,,,,,,,,,,,,,,,,,,,,,,,,,,,,,,,,,,,,,,,,,,,,,,,,,,,,,,,,,,,,,,,,,,,,,,,,,,,,,,,,,,,,,,,,,,,,,,,,,,,,,
        Less than high school graduate,"184,825","5,085",8.30%,28,33.80%,"24,983",624,6.20%,25,49.80%,"303,205","10,521",12.20%,35,56.80%,"112,607","3,812",9.60%,34,53.10%,"1,618,213","51,945",11.40%,32,43.10%,"191,871","4,461",6.40%,23,28.10%,"112,697","3,172",8.30%,28,46.30%,"34,052",801,6.20%,24,52.60%,"14,418",429,5.20%,30,59.20%,"716,351","22,058",9.30%,31,43.30%,"430,027","15,645",10.40%,36,59.20%,"36,347",378,2.40%,10,46.00%,"70,978","1,901",7.50%,27,57.90%,"430,347","10,389",7.10%,24,61.20%,"262,343","9,626",10.70%,37,41.40%,"105,448","3,984",9.70%,38,45.30%,"106,753","3,147",8.60%,29,50.70%,"156,578","5,680",10.10%,36,41.50%,"176,982","5,514",8.90%,31,72.20%,"32,732",970,5.90%,30,57.40%,"206,478","7,644",10.60%,37,62.90%,"211,838","5,775",8.10%,27,53.60%,"327,613","9,116",8.20%,28,44.90%,"192,491","6,120",8.80%,32,45.10%,"119,489","6,149",15.30%,51,67.40%,"203,099","7,901",10.70%,39,52.10%,"31,869","1,628",9.60%,51,44.40%,"68,136","2,349",8.70%,34,45.50%,"136,110","7,287",17.60%,54,39.80%,"37,630",656,4.70%,17,33.20%,"312,103","8,552",8.10%,27,56.30%,"84,988","2,238",9.10%,26,72.90%,"681,152","24,781",10.60%,36,44.80%,"377,036","12,525",9.70%,33,60.10%,"22,916",917,8.50%,40,28.00%,"398,238","14,688",10.20%,37,54.30%,"163,424","4,931",9.10%,30,52.60%,"145,190","5,517",12.50%,38,39.60%,"407,770","14,046",9.40%,34,42.80%,"34,097",548,4.80%,16,28.60%,"180,558","5,468",8.60%,30,69.80%,"27,784","1,046",7.30%,38,51.90%,"233,383","7,667",9.30%,33,59.70%,"1,360,886","46,683",11.10%,34,44.40%,"128,609","2,915",5.70%,23,34.70%,"14,783",670,9.70%,45,52.20%,"274,657","6,303",6.00%,23,53.70%,"262,931","6,923",7.50%,26,37.20%,"54,697","1,208",6.20%,22,45.00%,"178,088","7,000",10.50%,39,33.60%,"19,233",756,10.10%,39,40.20%,"85,285","1,172",5.40%,14,100.00%
        High school graduate (includes equivalency),"295,104","17,752",28.90%,60,47.70%,"43,018","2,970",29.30%,69,38.60%,"366,861","22,286",25.70%,61,46.70%,"177,589","10,120",25.50%,57,46.90%,"1,832,232","93,168",20.50%,51,45.80%,"242,085","10,995",15.70%,45,37.30%,"156,442","7,128",18.80%,46,49.40%,"50,634","2,303",17.80%,45,40.90%,"21,440",837,10.10%,39,51.70%,"1,053,862","57,734",24.30%,55,49.00%,"577,357","37,548",24.80%,65,53.40%,"75,820","4,127",25.90%,54,42.70%,"96,620","6,235",24.60%,65,39.60%,"565,045","29,787",20.20%,53,53.80%,"377,104","22,354",24.70%,59,51.70%,"130,294","7,787",18.90%,60,48.70%,"131,102","8,066",21.90%,62,49.60%,"243,675","16,206",28.70%,67,53.60%,"267,940","18,918",30.50%,71,67.10%,"65,115","2,956",18.00%,45,71.40%,"273,345","12,774",17.80%,47,45.80%,"288,681","11,028",15.40%,38,38.50%,"489,705","26,337",23.60%,54,57.20%,"207,918","12,055",17.40%,58,41.60%,"164,043","9,967",24.80%,61,68.60%,"311,927","17,908",24.20%,57,54.60%,"57,176","5,462",32.30%,96,40.20%,"79,669","4,877",18.00%,61,38.00%,"196,565","11,226",27.20%,57,39.00%,"68,717","3,935",28.00%,57,59.70%,"394,696","23,269",22.00%,59,38.80%,"107,201","5,994",24.30%,56,52.20%,"871,040","51,029",21.90%,59,43.30%,"492,234","27,219",21.10%,55,49.70%,"30,697","1,787",16.60%,58,25.50%,"610,598","37,532",26.00%,61,56.70%,"234,014","16,384",30.20%,70,44.70%,"189,551","7,471",16.90%,39,43.00%,"637,412","33,470",22.40%,53,46.10%,"49,881","1,860",16.40%,37,25.50%,"258,382","13,229",20.90%,51,58.40%,"43,042","3,566",24.80%,83,52.80%,"401,361","22,960",27.70%,57,50.00%,"1,585,632","110,520",26.30%,70,42.20%,"176,197","10,804",21.30%,61,30.50%,"28,879","2,067",29.90%,72,59.00%,"395,265","23,360",22.30%,59,52.60%,"347,850","21,329",23.00%,61,32.80%,"105,302","6,732",34.50%,64,53.10%,"272,498","12,903",19.40%,47,54.40%,"25,450","2,049",27.40%,81,42.50%,"158,836","4,909",22.60%,31,70.90%
        Some college or associate's degree,"384,047","19,731",32.10%,51,35.00%,"50,671","3,008",29.70%,59,19.80%,"522,019","27,216",31.40%,52,37.30%,"225,557","16,030",40.40%,71,45.70%,"2,666,771","129,157",28.50%,48,39.50%,"370,242","20,139",28.70%,54,24.50%,"221,147","8,566",22.50%,39,43.30%,"64,623","4,407",34.10%,68,35.50%,"35,421","1,657",19.90%,47,89.80%,"1,463,679","72,354",30.40%,49,40.20%,"790,433","46,991",31.10%,59,38.20%,"89,238","5,220",32.80%,58,41.80%,"148,287","7,911",31.20%,53,19.30%,"824,536","39,953",27.10%,48,46.00%,"472,662","24,206",26.80%,51,37.20%,"248,030","11,842",28.70%,48,31.10%,"208,487","10,297",28.00%,49,29.60%,"322,821","16,502",29.30%,51,39.30%,"329,716","20,298",32.70%,62,51.60%,"84,674","5,111",31.20%,60,20.70%,"352,553","17,509",24.40%,50,36.50%,"377,670","13,519",18.80%,36,43.70%,"725,158","33,785",30.30%,47,39.50%,"383,607","19,675",28.40%,51,32.60%,"242,360","14,078",35.10%,58,40.30%,"440,813","21,447",28.90%,49,34.10%,"71,903","4,137",24.50%,58,16.00%,"148,596","8,406",31.00%,57,30.40%,"230,048","12,168",29.50%,53,27.70%,"78,591","3,582",25.50%,46,45.10%,"478,661","21,949",20.70%,46,35.00%,"158,973","7,855",31.80%,49,35.90%,"1,115,002","50,293",21.60%,45,43.10%,"772,856","39,228",30.30%,51,40.60%,"61,314","3,980",37.00%,65,21.40%,"767,037","39,754",27.50%,52,42.40%,"295,168","17,991",33.10%,61,28.60%,"310,266","12,148",27.50%,39,27.20%,"776,947","38,933",26.00%,50,33.20%,"70,787","3,142",27.70%,44,49.40%,"390,700","21,408",33.80%,55,43.40%,"60,033","4,070",28.30%,68,48.20%,"492,354","21,578",26.00%,44,30.80%,"2,137,767","122,441",29.10%,57,36.40%,"296,409","17,158",33.80%,58,8.10%,"37,990","1,255",18.20%,33,26.50%,"554,986","25,648",24.50%,46,32.40%,"521,459","25,066",27.10%,48,30.00%,"116,625","5,191",26.60%,45,38.90%,"401,976","19,174",28.80%,48,32.40%,"45,833","1,718",23.00%,37,18.50%,"246,835","8,914",41.10%,36,76.90%
        Bachelor's degree,"202,139","11,795",19.20%,58,7.60%,"32,547","2,036",20.10%,63,13.70%,"321,466","17,934",20.70%,56,12.70%,"114,926","6,256",15.80%,54,5.40%,"2,108,084","110,141",24.30%,52,17.30%,"405,002","21,397",30.50%,53,9.50%,"197,570","9,615",25.30%,49,12.90%,"43,423","3,145",24.40%,72,32.40%,"59,996","2,681",32.30%,45,40.80%,"1,066,964","57,404",24.10%,54,19.70%,"539,470","32,049",21.20%,59,16.00%,"71,464","4,202",26.40%,59,4.40%,"94,923","7,329",28.90%,77,7.30%,"690,761","38,330",26.00%,55,12.90%,"316,015","23,825",26.40%,75,9.70%,"158,827","10,964",26.60%,69,10.70%,"137,969","9,099",24.70%,66,12.60%,"189,585","10,957",19.40%,58,17.30%,"187,018","10,637",17.20%,57,21.00%,"70,967","4,062",24.80%,57,22.90%,"341,636","17,332",24.10%,51,21.00%,"443,666","22,228",31.00%,50,13.60%,"448,331","23,765",21.30%,53,13.20%,"342,097","20,463",29.60%,60,7.80%,"102,656","5,949",14.80%,58,18.60%,"286,848","17,811",24.00%,62,13.20%,"58,043","4,146",24.50%,71,6.00%,"99,359","8,009",29.50%,81,13.20%,"120,613","7,222",17.50%,60,15.40%,"68,870","3,301",23.50%,48,23.60%,"560,078","28,940",27.30%,52,11.40%,"78,161","5,097",20.70%,65,18.20%,"1,124,922","56,003",24.00%,50,17.20%,"572,853","32,650",25.30%,57,12.50%,"45,946","2,792",26.00%,61,9.60%,"540,034","32,116",22.20%,59,13.70%,"170,969","10,048",18.50%,59,13.80%,"223,509","12,569",28.50%,56,6.90%,"641,745","35,522",23.80%,55,14.80%,"65,052","2,815",24.90%,43,21.90%,"230,736","15,454",24.40%,67,12.30%,"45,501","4,438",30.80%,98,12.50%,"343,724","19,475",23.50%,57,14.90%,"1,547,866","96,711",23.00%,62,14.90%,"194,318","16,664",32.80%,86,4.70%,"35,437","1,778",25.70%,50,2.60%,"483,723","27,763",26.60%,57,9.90%,"443,741","22,883",24.70%,52,9.60%,"63,763","3,910",20.00%,61,11.70%,"309,797","18,503",27.80%,60,11.70%,"23,678","1,857",24.90%,78,18.30%,"183,406","5,386",24.80%,29,48.50%
        Graduate or professional degree,"118,605","7,143",11.60%,60,8.40%,"16,492","1,487",14.70%,90,8.10%,"167,234","8,591",9.90%,51,14.00%,"60,460","3,470",8.70%,57,5.00%,"1,154,694","69,439",15.30%,60,8.60%,"206,298","13,212",18.80%,64,12.10%,"142,916","9,518",25.00%,67,13.20%,"30,804","2,259",17.50%,73,5.40%,"70,973","2,705",32.60%,38,7.40%,"522,158","28,424",11.90%,54,12.70%,"338,052","18,895",12.50%,56,10.60%,"36,608","2,001",12.60%,55,6.10%,"34,586","1,953",7.70%,56,12.90%,"422,983","28,739",19.50%,68,7.30%,"144,337","10,318",11.40%,71,3.80%,"72,982","6,627",16.10%,91,3.50%,"80,150","6,178",16.80%,77,7.00%,"112,417","7,051",12.50%,63,6.80%,"110,188","6,613",10.70%,60,12.90%,"36,140","3,308",20.20%,92,11.40%,"265,479","16,568",23.10%,62,11.00%,"331,552","19,172",26.70%,58,3.10%,"244,864","18,636",16.70%,76,6.80%,"164,885","10,855",15.70%,66,3.20%,"66,452","3,973",9.90%,60,2.00%,"162,781","9,078",12.20%,56,10.00%,"25,251","1,522",9.00%,60,2.10%,"52,569","3,470",12.80%,66,2.30%,"58,551","3,407",8.20%,58,13.50%,"47,933","2,598",18.50%,54,5.10%,"355,335","23,232",21.90%,65,7.90%,"49,157","3,497",14.20%,71,0.60%,"794,669","50,855",21.80%,64,10.20%,"303,845","17,645",13.70%,58,7.30%,"17,404","1,272",11.80%,73,2.50%,"317,432","20,459",14.20%,64,9.50%,"73,864","4,972",9.20%,67,7.50%,"118,289","6,461",14.60%,55,10.10%,"418,093","27,571",18.40%,66,7.40%,"35,909","2,962",26.10%,82,26.50%,"141,791","7,867",12.40%,55,11.00%,"16,494","1,279",8.90%,78,0.00%,"174,627","11,204",13.50%,64,8.40%,"772,011","44,108",10.50%,57,8.90%,"68,092","3,262",6.40%,48,0.00%,"24,148","1,138",16.50%,47,9.10%,"334,989","21,465",20.50%,64,7.80%,"257,520","16,364",17.70%,64,5.20%,"37,070","2,499",12.80%,67,32.30%,"139,458","9,000",13.50%,65,7.50%,"12,547","1,089",14.60%,87,29.30%,"69,118","1,327",6.10%,19,34.30%
POVERTY STATUS IN THE PAST 12 MONTHS,,,,,,,,,,,,,,,,,,,,,,,,,,,,,,,,,,,,,,,,,,,,,,,,,,,,,,,,,,,,,,,,,,,,,,,,,,,,,,,,,,,,,,,,,,,,,,,,,,,,,,,,,,,,,,,,,,,,,,,,,,,,,,,,,,,,,,,,,,,,,,,,,,,,,,,,,,,,,,,,,,,,,,,,,,,,,,,,,,,,,,,,,,,,,,,,,,,,,,,,,,,,,,,,,,,,,,,,,,,,,,,,,,,,,,,,,,,,,,,,,,,,,,,,,,,,,,,,,,,,
    Women 15 to 50 years for whom poverty status is determined,"1,141,244","60,671",(X),53,29.30%,"165,422","10,053",(X),61,23.70%,"1,650,856","86,392",(X),52,34.80%,"671,376","39,688",(X),59,36.80%,"9,229,581","453,224",(X),49,31.10%,"1,390,465","70,092",(X),50,19.70%,"792,628","37,999",(X),48,29.50%,"216,450","12,825",(X),59,31.00%,"188,604","8,309",(X),44,41.80%,"4,726,932","237,423",(X),50,34.40%,"2,618,473","150,828",(X),58,36.00%,"303,788","15,928",(X),52,27.80%,"431,985","25,329",(X),59,23.20%,"2,882,250","146,958",(X),51,32.30%,"1,529,302","89,741",(X),59,29.90%,"690,477","41,102",(X),60,25.70%,"646,492","36,712",(X),57,27.90%,"1,000,422","56,357",(X),56,35.20%,"1,046,068","61,837",(X),59,48.70%,"279,985","16,407",(X),59,30.70%,"1,410,842","71,745",(X),51,31.20%,"1,569,802","71,680",(X),46,23.50%,"2,188,105","111,566",(X),51,33.00%,"1,264,848","69,168",(X),55,23.30%,"673,685","39,995",(X),59,44.30%,"1,366,692","74,103",(X),54,33.00%,"238,216","16,802",(X),71,22.40%,"436,690","27,106",(X),62,24.40%,"737,513","41,304",(X),56,29.60%,"292,597","14,068",(X),48,36.20%,"2,067,337","105,869",(X),51,25.20%,"470,966","24,600",(X),52,34.70%,"4,447,298","232,847",(X),52,29.90%,"2,448,913","129,021",(X),53,32.60%,"170,865","10,748",(X),63,17.40%,"2,574,467","144,259",(X),56,36.10%,"911,952","53,986",(X),59,30.70%,"967,843","44,166",(X),46,23.10%,"2,761,258","149,431",(X),54,27.80%,"241,700","11,327",(X),47,31.60%,"1,166,205","63,347",(X),54,37.10%,"187,537","14,399",(X),77,34.30%,"1,610,115","82,781",(X),51,31.90%,"7,283,481","418,559",(X),57,30.70%,"847,873","50,550",(X),60,12.70%,"131,577","6,908",(X),53,29.70%,"1,982,036","103,597",(X),52,26.60%,"1,807,269","92,565",(X),51,21.70%,"366,144","19,477",(X),53,38.00%,"1,268,276","66,470",(X),52,27.60%,"123,572","7,469",(X),60,28.80%,"742,015","21,708",(X),29,67.10%
        Below 100 percent of poverty level,"216,820","15,538",25.60%,72,59.60%,"19,326","2,558",25.40%,132,48.80%,"233,321","18,003",20.80%,77,66.50%,"129,878","10,200",25.70%,79,62.30%,"1,232,534","81,622",18.00%,66,64.00%,"149,942","7,395",10.60%,49,51.90%,"94,308","7,136",18.80%,76,69.10%,"21,423","1,347",10.50%,63,92.20%,"21,782",854,10.30%,39,71.30%,"655,523","50,468",21.30%,77,60.70%,"373,329","31,813",21.10%,85,65.20%,"33,266","2,181",13.70%,66,77.30%,"53,090","3,856",15.20%,73,44.40%,"394,539","29,200",19.90%,74,74.90%,"230,735","18,706",20.80%,81,69.70%,"96,316","6,207",15.10%,64,66.30%,"95,027","7,856",21.40%,83,71.70%,"188,941","15,862",28.10%,84,65.00%,"227,243","18,324",29.60%,81,80.60%,"34,979","2,489",15.20%,71,75.20%,"158,027","10,857",15.10%,69,75.70%,"178,078","9,904",13.80%,56,59.70%,"354,598","24,325",21.80%,69,72.70%,"146,287","8,110",11.70%,55,72.40%,"144,653","12,285",30.70%,85,69.80%,"203,803","16,778",22.60%,82,71.00%,"31,376","1,946",11.60%,62,75.60%,"62,012","4,067",15.00%,66,56.20%,"109,157","7,572",18.30%,69,56.10%,"22,273","2,036",14.50%,91,85.60%,"213,016","14,433",13.60%,68,60.10%,"100,344","5,746",23.40%,57,68.70%,"690,208","51,759",22.20%,75,60.20%,"357,562","27,733",21.50%,78,73.60%,"24,844","1,684",15.70%,68,53.70%,"415,779","34,924",24.20%,84,75.10%,"166,463","11,871",22.00%,71,65.80%,"138,998","8,309",18.80%,60,55.70%,"374,793","28,828",19.30%,77,60.80%,"29,169","1,704",15.00%,58,51.90%,"185,692","12,280",19.40%,66,71.70%,"27,685","2,744",19.10%,99,73.70%,"243,252","17,295",20.90%,71,72.10%,"1,128,011","89,999",21.50%,80,58.60%,"87,604","7,653",15.10%,87,46.80%,"17,424","1,523",22.00%,87,92.20%,"246,248","17,449",16.80%,71,60.90%,"206,657","13,168",14.20%,64,63.40%,"79,788","5,710",29.30%,72,64.80%,"161,467","10,773",16.20%,67,74.40%,"15,562","1,540",20.60%,99,36.60%,"319,864","12,546",57.80%,39,83.70%
        100 to 199 percent of poverty level,"209,437","12,878",21.20%,61,31.40%,"21,023","1,350",13.40%,64,30.70%,"286,980","17,669",20.50%,62,34.30%,"139,098","11,422",28.80%,82,36.80%,"1,412,242","74,766",16.50%,53,39.30%,"180,527","11,484",16.40%,64,32.20%,"100,805","5,734",15.10%,57,47.40%,"28,627","1,125",8.80%,39,13.50%,"14,953","1,749",21.00%,117,45.10%,"860,249","48,459",20.40%,56,43.70%,"454,974","32,031",21.20%,70,47.40%,"43,021","3,422",21.50%,80,38.70%,"80,728","5,890",23.30%,73,27.70%,"418,976","22,028",15.00%,53,43.20%,"266,438","17,741",19.80%,67,33.80%,"111,860","8,700",21.20%,78,41.70%,"112,013","6,074",16.50%,54,20.60%,"181,037","11,380",20.20%,63,39.60%,"197,733","16,609",26.90%,84,56.10%,"39,036","3,703",22.60%,95,43.20%,"175,698","9,895",13.80%,56,34.10%,"188,403","7,558",10.50%,40,45.70%,"364,503","22,139",19.80%,61,40.10%,"162,371","12,710",18.40%,78,40.00%,"144,170","9,762",24.40%,68,48.60%,"235,534","15,236",20.60%,65,44.10%,"41,184","3,014",17.90%,73,19.00%,"67,832","4,677",17.30%,69,43.30%,"133,546","8,629",20.90%,65,40.30%,"31,319","1,620",11.50%,52,41.70%,"249,395","16,652",15.70%,67,37.70%,"88,157","5,977",24.30%,68,43.70%,"623,322","33,789",14.50%,54,28.60%,"422,801","25,542",19.80%,60,42.10%,"24,044","1,773",16.50%,74,32.50%,"412,310","26,312",18.20%,64,49.40%,"190,052","13,304",24.60%,70,32.50%,"148,904","7,754",17.60%,52,22.20%,"414,615","26,187",17.50%,63,40.50%,"32,843","2,008",17.70%,61,51.30%,"213,849","16,237",25.60%,76,45.50%,"26,295","2,357",16.40%,90,45.60%,"295,806","17,686",21.40%,60,32.60%,"1,311,675","91,309",21.80%,70,34.90%,"127,092","10,291",20.40%,81,13.10%,"16,410",825,11.90%,50,41.80%,"264,052","16,138",15.60%,61,41.50%,"228,296","13,735",14.80%,60,25.00%,"69,060","5,314",27.30%,77,41.80%,"191,359","13,237",19.90%,69,37.40%,"19,227","1,622",21.70%,84,43.80%,"197,879","5,641",26.00%,29,48.90%
        200 percent or more above poverty level,"714,987","32,255",53.20%,45,13.80%,"125,073","6,145",61.10%,49,11.70%,"1,130,555","50,720",58.70%,45,23.60%,"402,400","18,066",45.50%,45,22.40%,"6,584,805","296,836",65.50%,45,20.00%,"1,059,996","51,213",73.10%,48,12.30%,"597,515","25,129",66.10%,42,14.10%,"166,400","10,353",80.70%,62,24.90%,"151,869","5,706",68.70%,38,36.30%,"3,211,160","138,496",58.30%,43,21.50%,"1,790,170","86,984",57.70%,49,21.10%,"227,501","10,325",64.80%,45,13.70%,"298,167","15,583",61.50%,52,16.30%,"2,068,735","95,730",65.10%,46,16.90%,"1,032,129","53,294",59.40%,52,14.60%,"482,301","26,195",63.70%,54,10.80%,"439,452","22,782",62.10%,52,14.70%,"630,444","29,115",51.70%,46,17.30%,"621,092","26,904",43.50%,43,22.40%,"205,970","10,215",62.30%,50,15.30%,"1,077,117","50,993",71.10%,47,21.20%,"1,203,321","54,218",75.60%,45,13.70%,"1,469,004","65,102",58.40%,44,15.80%,"956,190","48,348",69.90%,51,10.70%,"384,862","17,948",44.90%,47,24.60%,"927,355","42,089",56.80%,45,13.80%,"165,656","11,842",70.50%,71,14.60%,"306,846","18,362",67.70%,60,12.50%,"494,810","25,103",60.80%,51,17.90%,"239,005","10,412",74.00%,44,25.70%,"1,604,926","74,784",70.60%,47,15.60%,"282,465","12,877",52.30%,46,15.30%,"3,133,768","147,299",63.30%,47,19.60%,"1,668,550","75,746",58.70%,45,14.40%,"121,977","7,291",67.80%,60,5.30%,"1,746,378","83,023",57.60%,48,15.60%,"555,437","28,811",53.40%,52,15.30%,"679,941","28,103",63.60%,41,13.80%,"1,971,850","94,416",63.20%,48,14.30%,"179,688","7,615",67.20%,42,21.90%,"766,664","34,830",55.00%,45,21.10%,"133,557","9,298",64.60%,70,19.80%,"1,071,057","47,800",57.70%,45,17.20%,"4,843,795","237,251",56.70%,49,18.50%,"633,177","32,606",64.50%,51,4.60%,"97,743","4,560",66.00%,47,6.70%,"1,471,736","70,010",67.60%,48,14.60%,"1,372,316","65,662",70.90%,48,12.70%,"217,296","8,453",43.40%,39,17.50%,"915,450","42,460",63.90%,46,12.60%,"88,783","4,307",57.70%,49,20.30%,"224,272","3,521",16.20%,16,37.10%
LABOR FORCE STATUS,,,,,,,,,,,,,,,,,,,,,,,,,,,,,,,,,,,,,,,,,,,,,,,,,,,,,,,,,,,,,,,,,,,,,,,,,,,,,,,,,,,,,,,,,,,,,,,,,,,,,,,,,,,,,,,,,,,,,,,,,,,,,,,,,,,,,,,,,,,,,,,,,,,,,,,,,,,,,,,,,,,,,,,,,,,,,,,,,,,,,,,,,,,,,,,,,,,,,,,,,,,,,,,,,,,,,,,,,,,,,,,,,,,,,,,,,,,,,,,,,,,,,,,,,,,,,,,,,,,,
    Women 16 to 50 years,"1,150,145","61,496",(X),53,30.20%,"162,533","10,125",(X),62,24.20%,"1,629,609","86,284",(X),53,34.50%,"671,922","39,609",(X),59,36.70%,"9,117,487","453,490",(X),50,31.10%,"1,377,850","70,204",(X),51,19.80%,"806,468","37,999",(X),47,29.50%,"217,596","12,915",(X),59,31.50%,"198,335","8,309",(X),42,41.80%,"4,696,472","237,682",(X),51,34.30%,"2,595,501","151,094",(X),58,36.00%,"303,013","15,928",(X),53,27.80%,"430,413","25,329",(X),59,23.20%,"2,851,646","147,198",(X),52,32.50%,"1,527,608","90,329",(X),59,30.20%,"695,689","41,204",(X),59,25.90%,"643,361","36,761",(X),57,27.80%,"995,310","56,359",(X),57,35.20%,"1,045,346","61,980",(X),59,48.80%,"282,497","16,407",(X),58,30.70%,"1,398,954","71,827",(X),51,31.30%,"1,609,100","71,512",(X),44,23.30%,"2,172,949","111,576",(X),51,33.10%,"1,252,400","69,144",(X),55,23.30%,"669,508","39,939",(X),60,44.30%,"1,366,517","74,077",(X),54,32.90%,"237,323","16,895",(X),71,22.90%,"433,546","27,099",(X),63,24.40%,"721,255","41,310",(X),57,29.60%,"293,599","14,072",(X),48,36.20%,"2,040,773","105,693",(X),52,25.00%,"463,577","24,681",(X),53,34.50%,"4,473,114","232,948",(X),52,29.90%,"2,448,982","129,099",(X),53,32.70%,"173,474","10,748",(X),62,17.40%,"2,559,136","144,389",(X),56,36.20%,"909,646","54,299",(X),60,31.00%,"963,186","44,166",(X),46,23.10%,"2,803,950","149,042",(X),53,27.60%,"248,721","11,327",(X),46,31.60%,"1,167,571","63,415",(X),54,37.20%,"188,008","14,399",(X),77,34.30%,"1,601,883","82,564",(X),52,31.80%,"7,190,688","420,131",(X),58,30.90%,"835,490","50,803",(X),61,12.80%,"138,756","6,908",(X),50,29.70%,"1,990,212","104,539",(X),53,27.20%,"1,785,479","92,520",(X),52,21.70%,"365,549","19,465",(X),53,37.60%,"1,263,770","66,567",(X),53,27.70%,"123,271","7,469",(X),61,28.80%,"725,540","21,708",(X),30,67.10%
        In labor force,"809,492","38,435",62.50%,47,27.80%,"120,748","5,685",56.10%,47,20.50%,"1,177,260","52,104",60.40%,44,38.80%,"461,844","25,186",63.60%,55,40.10%,"6,578,807","295,534",65.20%,45,29.40%,"1,087,664","48,017",68.40%,44,20.70%,"615,775","27,455",72.30%,45,28.80%,"170,701","9,672",74.90%,57,35.20%,"162,111","5,713",68.80%,35,37.50%,"3,496,998","158,114",66.50%,45,34.60%,"1,908,351","99,544",65.90%,52,35.60%,"228,608","12,168",76.40%,53,29.10%,"309,210","14,683",58.00%,47,29.90%,"2,178,934","103,902",70.60%,48,31.00%,"1,136,313","57,700",63.90%,51,28.40%,"562,310","31,463",76.40%,56,26.40%,"495,411","24,774",67.40%,50,27.60%,"725,407","37,621",66.80%,52,33.80%,"750,847","45,412",73.30%,60,52.70%,"223,101","12,264",74.70%,55,30.00%,"1,085,281","50,019",69.60%,46,29.70%,"1,269,583","54,407",76.10%,43,20.20%,"1,629,928","75,275",67.50%,46,34.90%,"1,020,987","51,472",74.40%,50,23.20%,"465,797","24,490",61.30%,53,39.90%,"1,039,577","49,813",67.20%,48,33.30%,"187,269","11,914",70.50%,64,25.80%,"347,240","20,561",75.90%,59,26.10%,"532,809","26,083",63.10%,49,31.10%,"236,557","10,950",77.80%,46,34.10%,"1,546,831","75,711",71.60%,49,25.80%,"323,551","14,665",59.40%,45,34.00%,"3,341,257","162,530",69.80%,49,29.00%,"1,819,855","85,540",66.30%,47,31.90%,"140,759","7,615",70.90%,54,16.90%,"1,946,696","98,841",68.50%,51,36.00%,"640,170","32,545",59.90%,51,32.20%,"739,513","27,470",62.20%,37,23.00%,"2,146,045","105,201",70.60%,49,27.80%,"194,162","7,938",70.10%,41,38.30%,"874,901","42,486",67.00%,49,36.90%,"152,037","10,574",73.40%,70,28.60%,"1,185,023","52,380",63.40%,44,31.20%,"5,109,755","255,907",60.90%,50,33.90%,"615,873","28,630",56.40%,46,13.30%,"111,151","4,854",70.30%,44,23.50%,"1,511,189","71,427",68.30%,47,28.60%,"1,325,334","56,584",61.20%,43,20.90%,"245,576","12,425",63.80%,51,42.80%,"1,018,105","48,719",73.20%,48,28.10%,"96,970","5,657",75.70%,58,29.10%,"465,048","13,114",60.40%,28,59.30%
PUBLIC ASSISTANCE INCOME IN THE PAST 12 MONTHS,,,,,,,,,,,,,,,,,,,,,,,,,,,,,,,,,,,,,,,,,,,,,,,,,,,,,,,,,,,,,,,,,,,,,,,,,,,,,,,,,,,,,,,,,,,,,,,,,,,,,,,,,,,,,,,,,,,,,,,,,,,,,,,,,,,,,,,,,,,,,,,,,,,,,,,,,,,,,,,,,,,,,,,,,,,,,,,,,,,,,,,,,,,,,,,,,,,,,,,,,,,,,,,,,,,,,,,,,,,,,,,,,,,,,,,,,,,,,,,,,,,,,,,,,,,,,,,,,,,,
    Women 15 to 50 years,"1,184,720","61,506",(X),52,30.20%,"167,711","10,125",(X),60,24.20%,"1,680,785","86,548",(X),51,34.70%,"691,139","39,688",(X),57,36.80%,"9,379,994","453,850",(X),48,31.10%,"1,415,498","70,204",(X),50,19.80%,"830,772","37,999",(X),46,29.50%,"223,536","12,915",(X),58,31.50%,"202,248","8,309",(X),41,41.80%,"4,823,014","237,974",(X),49,34.40%,"2,675,339","151,128",(X),56,36.00%,"309,477","15,928",(X),51,27.80%,"445,394","25,329",(X),57,23.20%,"2,933,672","147,198",(X),50,32.50%,"1,572,461","90,329",(X),57,30.20%,"715,581","41,204",(X),58,25.90%,"664,461","36,787",(X),55,27.80%,"1,025,076","56,396",(X),55,35.30%,"1,071,844","61,980",(X),58,48.80%,"289,628","16,407",(X),57,30.70%,"1,439,491","71,827",(X),50,31.30%,"1,653,407","71,722",(X),43,23.50%,"2,235,671","111,639",(X),50,33.10%,"1,290,998","69,168",(X),54,23.30%,"695,000","40,116",(X),58,44.50%,"1,405,468","74,145",(X),53,33.00%,"244,242","16,895",(X),69,22.90%,"448,329","27,111",(X),60,24.40%,"741,887","41,310",(X),56,29.60%,"301,741","14,072",(X),47,36.20%,"2,100,873","105,942",(X),50,25.20%,"478,480","24,681",(X),52,34.50%,"4,586,785","232,961",(X),51,29.90%,"2,518,824","129,267",(X),51,32.80%,"178,277","10,748",(X),60,17.40%,"2,633,339","144,549",(X),55,36.30%,"937,439","54,326",(X),58,31.00%,"986,805","44,166",(X),45,23.10%,"2,881,967","149,542",(X),52,27.90%,"255,726","11,327",(X),44,31.60%,"1,202,167","63,426",(X),53,37.20%,"192,854","14,399",(X),75,34.30%,"1,645,449","82,884",(X),50,32.00%,"7,404,162","420,463",(X),57,31.00%,"863,625","50,803",(X),59,12.80%,"141,237","6,908",(X),49,29.70%,"2,043,620","104,539",(X),51,27.20%,"1,833,501","92,565",(X),50,21.70%,"377,457","19,540",(X),52,37.90%,"1,301,817","66,580",(X),51,27.70%,"126,741","7,469",(X),59,28.80%,"743,480","21,708",(X),29,67.10%
        Received public assistance income,"18,765","1,005",1.60%,54,48.70%,"4,361",230,2.30%,53,73.00%,"21,025","1,492",1.70%,71,77.90%,"11,046","1,278",3.20%,116,69.10%,"255,062","26,178",5.80%,103,61.00%,"20,818","1,487",2.10%,71,40.10%,"12,897",946,2.50%,73,64.10%,"4,603",364,2.80%,79,30.80%,"8,853","2,141",25.80%,242,89.20%,"72,185","6,001",2.50%,83,62.60%,"35,699","3,190",2.10%,89,54.60%,"9,529",521,3.30%,55,87.30%,"7,400",891,3.50%,120,70.90%,"56,939","2,987",2.00%,52,75.80%,"23,104","1,537",1.70%,67,47.60%,"8,111",902,2.20%,111,67.10%,"10,164","1,033",2.80%,102,92.70%,"14,738","1,947",3.50%,132,70.40%,"17,410","1,692",2.70%,97,90.70%,"5,655",801,4.90%,142,72.70%,"27,290","1,789",2.50%,66,69.40%,"35,192","2,676",3.70%,76,56.50%,"49,386","4,471",4.00%,91,48.80%,"30,721","3,159",4.60%,103,65.20%,"10,563","1,027",2.60%,97,55.20%,"18,322","1,709",2.30%,93,82.60%,"4,022",333,2.00%,83,24.60%,"9,194","1,107",4.10%,120,66.20%,"14,919","1,312",3.20%,88,34.80%,"4,829",387,2.80%,80,62.80%,"32,183","4,672",4.40%,145,55.90%,"15,516",329,1.30%,21,84.80%,"143,146","14,064",6.00%,98,72.10%,"31,585","2,780",2.20%,88,58.10%,"2,437",559,5.20%,229,15.70%,"45,276","4,963",3.40%,110,80.40%,"19,580","1,208",2.20%,62,81.90%,"28,864","1,786",4.00%,62,52.90%,"72,823","8,921",6.00%,123,62.40%,"4,305",23,0.20%,5,0.00%,"14,565","2,413",3.80%,166,74.30%,"2,650",208,1.40%,78,100.00%,"23,268","1,905",2.30%,82,74.40%,"103,895","12,554",3.00%,121,65.80%,"7,495",440,0.90%,59,55.20%,"3,847",488,7.10%,127,72.50%,"33,717","3,491",3.30%,104,67.20%,"49,531","4,361",4.70%,88,53.20%,"12,475","1,144",5.90%,92,72.60%,"19,173","1,910",2.90%,100,57.30%,941,420,5.60%,446,0.00%,"13,221",259,1.20%,20,89.60%
        Did not receive public assistance income,"1,165,955","60,501",98.40%,52,29.90%,"163,350","9,895",97.70%,61,23.10%,"1,659,760","85,056",98.30%,51,33.90%,"680,093","38,410",96.80%,56,35.70%,"9,124,932","427,672",94.20%,47,29.30%,"1,394,680","68,717",97.90%,49,19.40%,"817,875","37,053",97.50%,45,28.60%,"218,933","12,551",97.20%,57,31.50%,"193,395","6,168",74.20%,32,25.30%,"4,750,829","231,973",97.50%,49,33.70%,"2,639,640","147,938",97.90%,56,35.60%,"299,948","15,407",96.70%,51,25.80%,"437,994","24,438",96.50%,56,21.50%,"2,876,733","144,211",98.00%,50,31.60%,"1,549,357","88,792",98.30%,57,29.90%,"707,470","40,302",97.80%,57,25.00%,"654,297","35,754",97.20%,55,25.90%,"1,010,338","54,449",96.50%,54,34.00%,"1,054,434","60,288",97.30%,57,47.60%,"283,973","15,606",95.10%,55,28.50%,"1,412,201","70,038",97.50%,50,30.40%,"1,618,215","69,046",96.30%,43,22.20%,"2,186,285","107,168",96.00%,49,32.40%,"1,260,277","66,009",95.40%,52,21.30%,"684,437","39,089",97.40%,57,44.20%,"1,387,146","72,436",97.70%,52,31.80%,"240,220","16,562",98.00%,69,22.80%,"439,135","26,004",95.90%,59,22.60%,"726,968","39,998",96.80%,55,29.40%,"296,912","13,685",97.20%,46,35.40%,"2,068,690","101,270",95.60%,49,23.70%,"462,964","24,352",98.70%,53,33.90%,"4,443,639","218,897",94.00%,49,27.20%,"2,487,239","126,487",97.80%,51,32.20%,"175,840","10,189",94.80%,58,17.40%,"2,588,063","139,586",96.60%,54,34.70%,"917,859","53,118",97.80%,58,29.80%,"957,941","42,380",96.00%,44,21.90%,"2,809,144","140,621",94.00%,50,25.70%,"251,421","11,304",99.80%,45,31.70%,"1,187,602","61,013",96.20%,51,35.70%,"190,204","14,191",98.60%,75,33.30%,"1,622,181","80,979",97.70%,50,31.00%,"7,300,267","407,909",97.00%,56,29.90%,"856,130","50,363",99.10%,59,12.40%,"137,390","6,420",92.90%,47,26.50%,"2,009,903","101,048",96.70%,50,25.80%,"1,783,970","88,204",95.30%,49,20.20%,"364,982","18,396",94.10%,50,35.70%,"1,282,644","64,670",97.10%,50,26.80%,"125,800","7,049",94.40%,56,30.50%,"730,259","21,449",98.80%,29,66.90%
PERCENT ALLOCATED,,,,,,,,,,,,,,,,,,,,,,,,,,,,,,,,,,,,,,,,,,,,,,,,,,,,,,,,,,,,,,,,,,,,,,,,,,,,,,,,,,,,,,,,,,,,,,,,,,,,,,,,,,,,,,,,,,,,,,,,,,,,,,,,,,,,,,,,,,,,,,,,,,,,,,,,,,,,,,,,,,,,,,,,,,,,,,,,,,,,,,,,,,,,,,,,,,,,,,,,,,,,,,,,,,,,,,,,,,,,,,,,,,,,,,,,,,,,,,,,,,,,,,,,,,,,,,,,,,,,
    Marital status,8.20%,(X),(X),(X),(X),8.00%,(X),(X),(X),(X),11.00%,(X),(X),(X),(X),7.10%,(X),(X),(X),(X),10.50%,(X),(X),(X),(X),9.00%,(X),(X),(X),(X),11.30%,(X),(X),(X),(X),9.70%,(X),(X),(X),(X),8.60%,(X),(X),(X),(X),9.80%,(X),(X),(X),(X),9.40%,(X),(X),(X),(X),12.20%,(X),(X),(X),(X),7.10%,(X),(X),(X),(X),8.90%,(X),(X),(X),(X),7.90%,(X),(X),(X),(X),5.90%,(X),(X),(X),(X),7.20%,(X),(X),(X),(X),7.20%,(X),(X),(X),(X),8.40%,(X),(X),(X),(X),6.00%,(X),(X),(X),(X),9.40%,(X),(X),(X),(X),9.90%,(X),(X),(X),(X),8.00%,(X),(X),(X),(X),7.20%,(X),(X),(X),(X),6.70%,(X),(X),(X),(X),7.20%,(X),(X),(X),(X),7.90%,(X),(X),(X),(X),6.50%,(X),(X),(X),(X),9.20%,(X),(X),(X),(X),7.70%,(X),(X),(X),(X),9.60%,(X),(X),(X),(X),8.00%,(X),(X),(X),(X),11.60%,(X),(X),(X),(X),7.60%,(X),(X),(X),(X),6.30%,(X),(X),(X),(X),6.90%,(X),(X),(X),(X),8.30%,(X),(X),(X),(X),7.10%,(X),(X),(X),(X),9.40%,(X),(X),(X),(X),8.50%,(X),(X),(X),(X),8.60%,(X),(X),(X),(X),5.90%,(X),(X),(X),(X),7.10%,(X),(X),(X),(X),8.40%,(X),(X),(X),(X),7.40%,(X),(X),(X),(X),5.80%,(X),(X),(X),(X),8.70%,(X),(X),(X),(X),7.30%,(X),(X),(X),(X),6.30%,(X),(X),(X),(X),6.50%,(X),(X),(X),(X),6.10%,(X),(X),(X),(X),3.30%,(X),(X),(X),(X)
    Fertility,11.60%,(X),(X),(X),(X),12.40%,(X),(X),(X),(X),15.30%,(X),(X),(X),(X),11.80%,(X),(X),(X),(X),13.80%,(X),(X),(X),(X),13.30%,(X),(X),(X),(X),14.80%,(X),(X),(X),(X),12.40%,(X),(X),(X),(X),13.40%,(X),(X),(X),(X),13.40%,(X),(X),(X),(X),13.60%,(X),(X),(X),(X),14.80%,(X),(X),(X),(X),10.60%,(X),(X),(X),(X),12.60%,(X),(X),(X),(X),11.70%,(X),(X),(X),(X),9.50%,(X),(X),(X),(X),11.70%,(X),(X),(X),(X),10.30%,(X),(X),(X),(X),11.10%,(X),(X),(X),(X),9.40%,(X),(X),(X),(X),12.80%,(X),(X),(X),(X),13.60%,(X),(X),(X),(X),11.20%,(X),(X),(X),(X),10.80%,(X),(X),(X),(X),9.50%,(X),(X),(X),(X),10.70%,(X),(X),(X),(X),10.80%,(X),(X),(X),(X),10.50%,(X),(X),(X),(X),12.90%,(X),(X),(X),(X),11.60%,(X),(X),(X),(X),14.20%,(X),(X),(X),(X),10.60%,(X),(X),(X),(X),15.20%,(X),(X),(X),(X),11.50%,(X),(X),(X),(X),11.40%,(X),(X),(X),(X),10.00%,(X),(X),(X),(X),11.80%,(X),(X),(X),(X),10.10%,(X),(X),(X),(X),13.20%,(X),(X),(X),(X),12.60%,(X),(X),(X),(X),11.70%,(X),(X),(X),(X),9.50%,(X),(X),(X),(X),10.50%,(X),(X),(X),(X),12.70%,(X),(X),(X),(X),11.50%,(X),(X),(X),(X),8.10%,(X),(X),(X),(X),12.80%,(X),(X),(X),(X),11.20%,(X),(X),(X),(X),9.00%,(X),(X),(X),(X),9.90%,(X),(X),(X),(X),8.60%,(X),(X),(X),(X),2.70%,(X),(X),(X),(X)