"Label (Grouping)","Alabama!!Owner-occupied housing units with a mortgage!!Estimate","Alabama!!Percent owner-occupied housing units with a mortgage!!Estimate","Alaska!!Owner-occupied housing units with a mortgage!!Estimate","Alaska!!Percent owner-occupied housing units with a mortgage!!Estimate","Arizona!!Owner-occupied housing units with a mortgage!!Estimate","Arizona!!Percent owner-occupied housing units with a mortgage!!Estimate","Arkansas!!Owner-occupied housing units with a mortgage!!Estimate","Arkansas!!Percent owner-occupied housing units with a mortgage!!Estimate","California!!Owner-occupied housing units with a mortgage!!Estimate","California!!Percent owner-occupied housing units with a mortgage!!Estimate","Colorado!!Owner-occupied housing units with a mortgage!!Estimate","Colorado!!Percent owner-occupied housing units with a mortgage!!Estimate","Connecticut!!Owner-occupied housing units with a mortgage!!Estimate","Connecticut!!Percent owner-occupied housing units with a mortgage!!Estimate","Delaware!!Owner-occupied housing units with a mortgage!!Estimate","Delaware!!Percent owner-occupied housing units with a mortgage!!Estimate","District of Columbia!!Owner-occupied housing units with a mortgage!!Estimate","District of Columbia!!Percent owner-occupied housing units with a mortgage!!Estimate","Florida!!Owner-occupied housing units with a mortgage!!Estimate","Florida!!Percent owner-occupied housing units with a mortgage!!Estimate","Georgia!!Owner-occupied housing units with a mortgage!!Estimate","Georgia!!Percent owner-occupied housing units with a mortgage!!Estimate","Hawaii!!Owner-occupied housing units with a mortgage!!Estimate","Hawaii!!Percent owner-occupied housing units with a mortgage!!Estimate","Idaho!!Owner-occupied housing units with a mortgage!!Estimate","Idaho!!Percent owner-occupied housing units with a mortgage!!Estimate","Illinois!!Owner-occupied housing units with a mortgage!!Estimate","Illinois!!Percent owner-occupied housing units with a mortgage!!Estimate","Indiana!!Owner-occupied housing units with a mortgage!!Estimate","Indiana!!Percent owner-occupied housing units with a mortgage!!Estimate","Iowa!!Owner-occupied housing units with a mortgage!!Estimate","Iowa!!Percent owner-occupied housing units with a mortgage!!Estimate","Kansas!!Owner-occupied housing units with a mortgage!!Estimate","Kansas!!Percent owner-occupied housing units with a mortgage!!Estimate","Kentucky!!Owner-occupied housing units with a mortgage!!Estimate","Kentucky!!Percent owner-occupied housing units with a mortgage!!Estimate","Louisiana!!Owner-occupied housing units with a mortgage!!Estimate","Louisiana!!Percent owner-occupied housing units with a mortgage!!Estimate","Maine!!Owner-occupied housing units with a mortgage!!Estimate","Maine!!Percent owner-occupied housing units with a mortgage!!Estimate","Maryland!!Owner-occupied housing units with a mortgage!!Estimate","Maryland!!Percent owner-occupied housing units with a mortgage!!Estimate","Massachusetts!!Owner-occupied housing units with a mortgage!!Estimate","Massachusetts!!Percent owner-occupied housing units with a mortgage!!Estimate","Michigan!!Owner-occupied housing units with a mortgage!!Estimate","Michigan!!Percent owner-occupied housing units with a mortgage!!Estimate","Minnesota!!Owner-occupied housing units with a mortgage!!Estimate","Minnesota!!Percent owner-occupied housing units with a mortgage!!Estimate","Mississippi!!Owner-occupied housing units with a mortgage!!Estimate","Mississippi!!Percent owner-occupied housing units with a mortgage!!Estimate","Missouri!!Owner-occupied housing units with a mortgage!!Estimate","Missouri!!Percent owner-occupied housing units with a mortgage!!Estimate","Montana!!Owner-occupied housing units with a mortgage!!Estimate","Montana!!Percent owner-occupied housing units with a mortgage!!Estimate","Nebraska!!Owner-occupied housing units with a mortgage!!Estimate","Nebraska!!Percent owner-occupied housing units with a mortgage!!Estimate","Nevada!!Owner-occupied housing units with a mortgage!!Estimate","Nevada!!Percent owner-occupied housing units with a mortgage!!Estimate","New Hampshire!!Owner-occupied housing units with a mortgage!!Estimate","New Hampshire!!Percent owner-occupied housing units with a mortgage!!Estimate","New Jersey!!Owner-occupied housing units with a mortgage!!Estimate","New Jersey!!Percent owner-occupied housing units with a mortgage!!Estimate","New Mexico!!Owner-occupied housing units with a mortgage!!Estimate","New Mexico!!Percent owner-occupied housing units with a mortgage!!Estimate","New York!!Owner-occupied housing units with a mortgage!!Estimate","New York!!Percent owner-occupied housing units with a mortgage!!Estimate","North Carolina!!Owner-occupied housing units with a mortgage!!Estimate","North Carolina!!Percent owner-occupied housing units with a mortgage!!Estimate","North Dakota!!Owner-occupied housing units with a mortgage!!Estimate","North Dakota!!Percent owner-occupied housing units with a mortgage!!Estimate","Ohio!!Owner-occupied housing units with a mortgage!!Estimate","Ohio!!Percent owner-occupied housing units with a mortgage!!Estimate","Oklahoma!!Owner-occupied housing units with a mortgage!!Estimate","Oklahoma!!Percent owner-occupied housing units with a mortgage!!Estimate","Oregon!!Owner-occupied housing units with a mortgage!!Estimate","Oregon!!Percent owner-occupied housing units with a mortgage!!Estimate","Pennsylvania!!Owner-occupied housing units with a mortgage!!Estimate","Pennsylvania!!Percent owner-occupied housing units with a mortgage!!Estimate","Rhode Island!!Owner-occupied housing units with a mortgage!!Estimate","Rhode Island!!Percent owner-occupied housing units with a mortgage!!Estimate","South Carolina!!Owner-occupied housing units with a mortgage!!Estimate","South Carolina!!Percent owner-occupied housing units with a mortgage!!Estimate","South Dakota!!Owner-occupied housing units with a mortgage!!Estimate","South Dakota!!Percent owner-occupied housing units with a mortgage!!Estimate","Tennessee!!Owner-occupied housing units with a mortgage!!Estimate","Tennessee!!Percent owner-occupied housing units with a mortgage!!Estimate","Texas!!Owner-occupied housing units with a mortgage!!Estimate","Texas!!Percent owner-occupied housing units with a mortgage!!Estimate","Utah!!Owner-occupied housing units with a mortgage!!Estimate","Utah!!Percent owner-occupied housing units with a mortgage!!Estimate","Vermont!!Owner-occupied housing units with a mortgage!!Estimate","Vermont!!Percent owner-occupied housing units with a mortgage!!Estimate","Virginia!!Owner-occupied housing units with a mortgage!!Estimate","Virginia!!Percent owner-occupied housing units with a mortgage!!Estimate","Washington!!Owner-occupied housing units with a mortgage!!Estimate","Washington!!Percent owner-occupied housing units with a mortgage!!Estimate","West Virginia!!Owner-occupied housing units with a mortgage!!Estimate","West Virginia!!Percent owner-occupied housing units with a mortgage!!Estimate","Wisconsin!!Owner-occupied housing units with a mortgage!!Estimate","Wisconsin!!Percent owner-occupied housing units with a mortgage!!Estimate","Wyoming!!Owner-occupied housing units with a mortgage!!Estimate","Wyoming!!Percent owner-occupied housing units with a mortgage!!Estimate","Puerto Rico!!Owner-occupied housing units with a mortgage!!Estimate","Puerto Rico!!Percent owner-occupied housing units with a mortgage!!Estimate"
"Owner-occupied housing units with a mortgage","721,996","721,996","99,293","99,293","1,087,076","1,087,076","403,551","403,551","4,978,989","4,978,989","1,042,379","1,042,379","593,009","593,009","173,325","173,325","92,531","92,531","2,948,085","2,948,085","1,585,366","1,585,366","180,304","180,304","301,624","301,624","2,004,309","2,004,309","1,174,571","1,174,571","543,781","543,781","438,405","438,405","667,344","667,344","598,175","598,175","250,451","250,451","1,070,608","1,070,608","1,124,858","1,124,858","1,685,281","1,685,281","1,041,172","1,041,172","363,937","363,937","993,671","993,671","166,940","166,940","304,241","304,241","436,321","436,321","249,449","249,449","1,366,281","1,366,281","285,674","285,674","2,374,462","2,374,462","1,670,406","1,670,406","103,355","103,355","1,940,200","1,940,200","533,145","533,145","685,197","685,197","2,069,571","2,069,571","166,570","166,570","804,981","804,981","133,395","133,395","1,028,238","1,028,238","3,464,948","3,464,948","506,690","506,690","114,853","114,853","1,429,344","1,429,344","1,252,895","1,252,895","247,795","247,795","1,005,737","1,005,737","99,193","99,193","308,374","308,374"
"    VALUE","","","","","","","","","","","","","","","","","","","","","","","","","","","","","","","","","","","","","","","","","","","","","","","","","","","","","","","","","","","","","","","","","","","","","","","","","","","","","","","","","","","","","","","","","","","","","","","","","","","","","","","",""
"        Less than $50,000","37,313","5.2%","1,651","1.7%","24,061","2.2%","27,919","6.9%","53,133","1.1%","14,344","1.4%","7,255","1.2%","4,091","2.4%","642","0.7%","61,843","2.1%","48,967","3.1%","930","0.5%","6,103","2.0%","61,645","3.1%","48,700","4.1%","23,875","4.4%","22,890","5.2%","31,057","4.7%","26,605","4.4%","6,637","2.7%","15,981","1.5%","13,770","1.2%","83,907","5.0%","21,467","2.1%","25,224","6.9%","39,787","4.0%","5,947","3.6%","10,061","3.3%","6,926","1.6%","4,723","1.9%","15,794","1.2%","9,394","3.3%","45,405","1.9%","47,714","2.9%","3,123","3.0%","79,409","4.1%","27,404","5.1%","8,973","1.3%","65,609","3.2%","2,654","1.6%","26,968","3.4%","5,467","4.1%","33,287","3.2%","110,808","3.2%","7,181","1.4%","1,958","1.7%","23,551","1.6%","13,767","1.1%","17,529","7.1%","20,868","2.1%","3,057","3.1%","4,636","1.5%"
"        $50,000 to $99,999","117,538","16.3%","2,048","2.1%","33,964","3.1%","78,883","19.5%","41,062","0.8%","15,751","1.5%","12,629","2.1%","3,590","2.1%","105","0.1%","149,464","5.1%","127,873","8.1%","572","0.3%","8,918","3.0%","225,356","11.2%","203,078","17.3%","90,708","16.7%","71,906","16.4%","102,074","15.3%","60,641","10.1%","22,862","9.1%","22,292","2.1%","7,676","0.7%","225,999","13.4%","51,196","4.9%","74,517","20.5%","143,716","14.5%","7,279","4.4%","32,251","10.6%","6,207","1.4%","5,527","2.2%","23,460","1.7%","25,917","9.1%","180,736","7.6%","168,171","10.1%","7,272","7.0%","346,709","17.9%","92,448","17.3%","9,805","1.4%","237,566","11.5%","2,136","1.3%","87,581","10.9%","12,480","9.4%","119,850","11.7%","302,793","8.7%","3,412","0.7%","5,891","5.1%","59,146","4.1%","14,281","1.1%","51,548","20.8%","92,977","9.2%","3,589","3.6%","73,755","23.9%"
"        $100,000 to $299,999","434,299","60.2%","46,594","46.9%","568,756","52.3%","239,507","59.3%","629,380","12.6%","236,614","22.7%","299,940","50.6%","96,395","55.6%","7,390","8.0%","1,592,522","54.0%","908,767","57.3%","13,445","7.5%","165,976","55.0%","1,081,778","54.0%","734,135","62.5%","332,747","61.2%","249,396","56.9%","414,141","62.1%","383,148","64.1%","152,303","60.8%","401,225","37.5%","263,889","23.5%","1,004,182","59.6%","576,467","55.4%","216,122","59.4%","600,296","60.4%","81,862","49.0%","200,753","66.0%","171,714","39.4%","122,358","49.1%","480,545","35.2%","184,857","64.7%","790,176","33.3%","965,580","57.8%","61,943","59.9%","1,183,527","61.0%","329,550","61.8%","214,278","31.3%","1,173,532","56.7%","89,697","53.8%","474,209","58.9%","82,957","62.2%","584,201","56.8%","1,936,821","55.9%","193,483","38.2%","68,622","59.7%","600,888","42.0%","320,143","25.6%","145,102","58.6%","642,603","63.9%","61,054","61.6%","210,797","68.4%"
"        $300,000 to $499,999","95,611","13.2%","39,175","39.5%","318,518","29.3%","42,668","10.6%","1,321,888","26.5%","454,644","43.6%","170,881","28.8%","54,154","31.2%","25,387","27.4%","800,015","27.1%","337,403","21.3%","38,216","21.2%","84,780","28.1%","427,116","21.3%","140,110","11.9%","75,244","13.8%","70,811","16.2%","88,112","13.2%","93,223","15.6%","50,090","20.0%","389,004","36.3%","416,655","37.0%","277,860","16.5%","291,311","28.0%","33,963","9.3%","155,730","15.7%","49,454","29.6%","46,936","15.4%","182,910","41.9%","90,139","36.1%","485,575","35.5%","47,820","16.7%","541,926","22.8%","345,802","20.7%","24,819","24.0%","252,018","13.0%","59,566","11.2%","287,386","41.9%","417,004","20.1%","51,479","30.9%","143,899","17.9%","25,519","19.1%","200,100","19.5%","773,056","22.3%","211,722","41.8%","30,576","26.6%","407,833","28.5%","473,083","37.8%","27,753","11.2%","192,371","19.1%","23,593","23.8%","14,017","4.5%"
"        $500,000 to $749,999","22,717","3.1%","7,885","7.9%","93,783","8.6%","9,428","2.3%","1,334,297","26.8%","214,796","20.6%","54,311","9.2%","9,900","5.7%","22,158","23.9%","209,522","7.1%","105,506","6.7%","54,209","30.1%","25,013","8.3%","127,132","6.3%","32,798","2.8%","14,650","2.7%","16,246","3.7%","21,980","3.3%","21,895","3.7%","12,393","4.9%","161,755","15.1%","255,880","22.7%","64,314","3.8%","70,819","6.8%","8,431","2.3%","35,493","3.6%","14,570","8.7%","9,470","3.1%","46,757","10.7%","20,230","8.1%","234,525","17.2%","10,684","3.7%","425,519","17.9%","93,749","5.6%","5,247","5.1%","53,517","2.8%","13,888","2.6%","116,270","17.0%","122,664","5.9%","14,699","8.8%","45,407","5.6%","4,744","3.6%","60,131","5.8%","217,196","6.3%","63,899","12.6%","5,825","5.1%","208,623","14.6%","234,144","18.7%","3,897","1.6%","40,355","4.0%","5,390","5.4%","2,443","0.8%"
"        $750,000 to $999,999","8,982","1.2%","1,264","1.3%","26,377","2.4%","3,030","0.8%","692,370","13.9%","62,018","5.9%","18,924","3.2%","2,234","1.3%","16,792","18.1%","65,964","2.2%","33,007","2.1%","45,278","25.1%","6,525","2.2%","45,087","2.2%","9,040","0.8%","4,247","0.8%","3,990","0.9%","5,906","0.9%","6,619","1.1%","2,920","1.2%","48,103","4.5%","91,200","8.1%","15,508","0.9%","17,977","1.7%","3,521","1.0%","10,661","1.1%","4,559","2.7%","2,595","0.9%","12,440","2.9%","3,406","1.4%","78,156","5.7%","4,031","1.4%","184,398","7.8%","28,944","1.7%","438","0.4%","14,173","0.7%","5,381","1.0%","31,468","4.6%","28,734","1.4%","3,379","2.0%","15,099","1.9%","1,119","0.8%","17,410","1.7%","59,710","1.7%","17,598","3.5%","1,077","0.9%","82,400","5.8%","110,756","8.8%","1,258","0.5%","9,762","1.0%","1,075","1.1%","1,625","0.5%"
"        $1,000,000 or more","5,536","0.8%","676","0.7%","21,617","2.0%","2,116","0.5%","906,859","18.2%","44,212","4.2%","29,069","4.9%","2,961","1.7%","20,057","21.7%","68,755","2.3%","23,843","1.5%","27,654","15.3%","4,309","1.4%","36,195","1.8%","6,710","0.6%","2,310","0.4%","3,166","0.7%","4,074","0.6%","6,044","1.0%","3,246","1.3%","32,248","3.0%","75,788","6.7%","13,511","0.8%","11,935","1.1%","2,159","0.6%","7,988","0.8%","3,269","2.0%","2,175","0.7%","9,367","2.1%","3,066","1.2%","48,226","3.5%","2,971","1.0%","206,302","8.7%","20,446","1.2%","513","0.5%","10,847","0.6%","4,908","0.9%","17,017","2.5%","24,462","1.2%","2,526","1.5%","11,818","1.5%","1,109","0.8%","13,259","1.3%","64,564","1.9%","9,395","1.9%","904","0.8%","46,903","3.3%","86,721","6.9%","708","0.3%","6,801","0.7%","1,435","1.4%","1,101","0.4%"
"        Median (dollars)","168,300","168,300","298,000","298,000","274,300","274,300","152,800","152,800","583,200","583,200","402,600","402,600","284,800","284,800","268,200","268,200","643,800","643,800","261,400","261,400","222,600","222,600","670,600","670,600","266,900","266,900","224,000","224,000","163,400","163,400","167,500","167,500","179,700","179,700","166,800","166,800","190,500","190,500","214,900","214,900","340,400","340,400","425,100","425,100","184,600","184,600","258,100","258,100","155,200","155,200","180,400","180,400","273,800","273,800","187,400","187,400","326,800","326,800","290,300","290,300","355,200","355,200","196,300","196,300","360,900","360,900","214,700","214,700","227,400","227,400","165,500","165,500","160,800","160,800","365,000","365,000","210,700","210,700","281,200","281,200","203,600","203,600","200,100","200,100","208,600","208,600","230,400","230,400","337,300","337,300","242,100","242,100","313,100","313,100","399,400","399,400","154,500","154,500","205,200","205,200","243,600","243,600","130,200","130,200"
"    MORTGAGE STATUS","","","","","","","","","","","","","","","","","","","","","","","","","","","","","","","","","","","","","","","","","","","","","","","","","","","","","","","","","","","","","","","","","","","","","","","","","","","","","","","","","","","","","","","","","","","","","","","","","","","","","","","",""
"        With either a second mortgage, or home equity loan, but not both","66,724","9.2%","7,122","7.2%","97,680","9.0%","23,374","5.8%","620,706","12.5%","138,352","13.3%","88,526","14.9%","21,711","12.5%","13,868","15.0%","297,238","10.1%","156,750","9.9%","32,924","18.3%","34,299","11.4%","216,554","10.8%","137,025","11.7%","70,340","12.9%","41,406","9.4%","81,076","12.1%","42,250","7.1%","34,363","13.7%","151,303","14.1%","198,653","17.7%","195,610","11.6%","143,606","13.8%","25,165","6.9%","90,683","9.1%","16,173","9.7%","29,024","9.5%","31,890","7.3%","31,739","12.7%","178,921","13.1%","22,297","7.8%","310,651","13.1%","202,068","12.1%","10,556","10.2%","264,708","13.6%","33,444","6.3%","88,307","12.9%","306,740","14.8%","28,877","17.3%","76,968","9.6%","12,343","9.3%","91,726","8.9%","166,019","4.8%","79,257","15.6%","15,716","13.7%","187,964","13.2%","157,964","12.6%","21,831","8.8%","151,052","15.0%","9,080","9.2%","6,124","2.0%"
"            Second mortgage only","14,846","2.1%","1,311","1.3%","19,467","1.8%","6,906","1.7%","122,689","2.5%","27,659","2.7%","17,380","2.9%","4,146","2.4%","3,079","3.3%","58,901","2.0%","34,624","2.2%","3,915","2.2%","7,741","2.6%","37,598","1.9%","20,222","1.7%","16,130","3.0%","8,170","1.9%","13,575","2.0%","10,617","1.8%","3,010","1.2%","28,089","2.6%","23,871","2.1%","28,835","1.7%","31,827","3.1%","7,747","2.1%","17,909","1.8%","3,517","2.1%","6,245","2.1%","6,044","1.4%","4,547","1.8%","22,178","1.6%","9,652","3.4%","33,426","1.4%","26,839","1.6%","2,094","2.0%","39,538","2.0%","10,365","1.9%","12,068","1.8%","36,010","1.7%","5,170","3.1%","12,112","1.5%","2,927","2.2%","16,143","1.6%","52,125","1.5%","19,918","3.9%","1,749","1.5%","36,479","2.6%","24,753","2.0%","3,723","1.5%","24,918","2.5%","4,101","4.1%","3,905","1.3%"
"            Home equity loan only","51,878","7.2%","5,811","5.9%","78,213","7.2%","16,468","4.1%","498,017","10.0%","110,693","10.6%","71,146","12.0%","17,565","10.1%","10,789","11.7%","238,337","8.1%","122,126","7.7%","29,009","16.1%","26,558","8.8%","178,956","8.9%","116,803","9.9%","54,210","10.0%","33,236","7.6%","67,501","10.1%","31,633","5.3%","31,353","12.5%","123,214","11.5%","174,782","15.5%","166,775","9.9%","111,779","10.7%","17,418","4.8%","72,774","7.3%","12,656","7.6%","22,779","7.5%","25,846","5.9%","27,192","10.9%","156,743","11.5%","12,645","4.4%","277,225","11.7%","175,229","10.5%","8,462","8.2%","225,170","11.6%","23,079","4.3%","76,239","11.1%","270,730","13.1%","23,707","14.2%","64,856","8.1%","9,416","7.1%","75,583","7.4%","113,894","3.3%","59,339","11.7%","13,967","12.2%","151,485","10.6%","133,211","10.6%","18,108","7.3%","126,134","12.5%","4,979","5.0%","2,219","0.7%"
"        Both second mortgage and home equity loan","1,661","0.2%","396","0.4%","4,380","0.4%","571","0.1%","26,167","0.5%","4,030","0.4%","3,687","0.6%","636","0.4%","499","0.5%","6,809","0.2%","4,784","0.3%","999","0.6%","966","0.3%","5,825","0.3%","4,070","0.3%","3,395","0.6%","1,756","0.4%","2,437","0.4%","2,079","0.3%","841","0.3%","5,253","0.5%","5,362","0.5%","3,771","0.2%","4,435","0.4%","1,196","0.3%","2,355","0.2%","490","0.3%","1,215","0.4%","905","0.2%","542","0.2%","4,826","0.4%","726","0.3%","8,052","0.3%","5,518","0.3%","165","0.2%","6,724","0.3%","1,360","0.3%","2,937","0.4%","8,664","0.4%","588","0.4%","1,787","0.2%","532","0.4%","2,301","0.2%","5,025","0.1%","3,347","0.7%","847","0.7%","6,087","0.4%","4,659","0.4%","592","0.2%","4,207","0.4%","199","0.2%","945","0.3%"
"        No second mortgage and no home equity loan","653,611","90.5%","91,775","92.4%","985,016","90.6%","379,606","94.1%","4,332,116","87.0%","899,997","86.3%","500,796","84.4%","150,978","87.1%","78,164","84.5%","2,644,038","89.7%","1,423,832","89.8%","146,381","81.2%","266,359","88.3%","1,781,930","88.9%","1,033,476","88.0%","470,046","86.4%","395,243","90.2%","583,831","87.5%","553,846","92.6%","215,247","85.9%","914,052","85.4%","920,843","81.9%","1,485,900","88.2%","893,131","85.8%","337,576","92.8%","900,633","90.6%","150,277","90.0%","274,002","90.1%","403,526","92.5%","217,168","87.1%","1,182,534","86.6%","262,651","91.9%","2,055,759","86.6%","1,462,820","87.6%","92,634","89.6%","1,668,768","86.0%","498,341","93.5%","593,953","86.7%","1,754,167","84.8%","137,105","82.3%","726,226","90.2%","120,520","90.3%","934,211","90.9%","3,293,904","95.1%","424,086","83.7%","98,290","85.6%","1,235,293","86.4%","1,090,272","87.0%","225,372","91.0%","850,478","84.6%","89,914","90.6%","301,305","97.7%"
"    HOUSEHOLD INCOME IN THE PAST 12 MONTHS (IN 2019 INFLATION-ADJUSTED DOLLARS)","","","","","","","","","","","","","","","","","","","","","","","","","","","","","","","","","","","","","","","","","","","","","","","","","","","","","","","","","","","","","","","","","","","","","","","","","","","","","","","","","","","","","","","","","","","","","","","","","","","","","","","",""
"        Less than $10,000","19,382","2.7%","1,361","1.4%","24,957","2.3%","7,111","1.8%","80,133","1.6%","16,842","1.6%","7,648","1.3%","3,980","2.3%","1,659","1.8%","67,064","2.3%","34,803","2.2%","2,449","1.4%","4,564","1.5%","32,577","1.6%","22,625","1.9%","7,269","1.3%","5,189","1.2%","15,120","2.3%","18,219","3.0%","3,931","1.6%","17,319","1.6%","14,604","1.3%","30,698","1.8%","12,431","1.2%","10,895","3.0%","16,526","1.7%","2,551","1.5%","3,755","1.2%","8,864","2.0%","2,398","1.0%","17,027","1.2%","7,813","2.7%","35,666","1.5%","39,337","2.4%","1,074","1.0%","32,552","1.7%","9,983","1.9%","11,584","1.7%","39,285","1.9%","2,074","1.2%","18,463","2.3%","1,590","1.2%","19,569","1.9%","59,202","1.7%","7,026","1.4%","1,862","1.6%","21,382","1.5%","19,004","1.5%","5,631","2.3%","12,427","1.2%","1,738","1.8%","25,075","8.1%"
"        $10,000 to $24,999","54,028","7.5%","3,023","3.0%","57,638","5.3%","34,068","8.4%","182,183","3.7%","39,311","3.8%","21,607","3.6%","6,816","3.9%","2,155","2.3%","183,307","6.2%","85,930","5.4%","7,227","4.0%","15,827","5.2%","90,076","4.5%","66,039","5.6%","23,898","4.4%","17,676","4.0%","40,485","6.1%","43,141","7.2%","14,631","5.8%","31,007","2.9%","31,176","2.8%","91,414","5.4%","32,666","3.1%","30,370","8.3%","53,595","5.4%","9,913","5.9%","10,386","3.4%","22,381","5.1%","6,446","2.6%","36,737","2.7%","23,609","8.3%","86,464","3.6%","94,710","5.7%","2,527","2.4%","99,180","5.1%","29,734","5.6%","29,815","4.4%","95,656","4.6%","5,871","3.5%","50,800","6.3%","6,452","4.8%","64,194","6.2%","155,863","4.5%","18,412","3.6%","5,258","4.6%","53,836","3.8%","43,373","3.5%","18,440","7.4%","41,576","4.1%","3,339","3.4%","70,388","22.8%"
"        $25,000 to $34,999","45,500","6.3%","2,859","2.9%","52,718","4.8%","30,215","7.5%","173,591","3.5%","39,643","3.8%","18,695","3.2%","7,292","4.2%","1,504","1.6%","181,947","6.2%","77,979","4.9%","5,485","3.0%","17,010","5.6%","84,409","4.2%","69,968","6.0%","27,243","5.0%","17,482","4.0%","39,664","5.9%","33,290","5.6%","14,032","5.6%","28,890","2.7%","30,299","2.7%","98,221","5.8%","37,785","3.6%","26,131","7.2%","51,351","5.2%","8,583","5.1%","12,231","4.0%","19,089","4.4%","7,395","3.0%","39,892","2.9%","20,667","7.2%","85,107","3.6%","96,416","5.8%","4,276","4.1%","106,299","5.5%","31,839","6.0%","29,931","4.4%","95,230","4.6%","6,086","3.7%","46,956","5.8%","5,958","4.5%","65,574","6.4%","149,506","4.3%","18,292","3.6%","5,330","4.6%","57,584","4.0%","41,719","3.3%","17,766","7.2%","43,882","4.4%","3,773","3.8%","43,349","14.1%"
"        $35,000 to $49,999","79,494","11.0%","6,899","6.9%","111,381","10.2%","47,142","11.7%","301,676","6.1%","76,267","7.3%","36,917","6.2%","14,405","8.3%","3,872","4.2%","318,905","10.8%","144,458","9.1%","9,013","5.0%","34,000","11.3%","161,878","8.1%","130,817","11.1%","53,211","9.8%","38,959","8.9%","76,307","11.4%","58,673","9.8%","24,923","10.0%","59,941","5.6%","58,160","5.2%","178,327","10.6%","75,734","7.3%","46,110","12.7%","106,408","10.7%","17,779","10.6%","28,512","9.4%","38,900","8.9%","17,157","6.9%","73,112","5.4%","30,413","10.6%","158,191","6.7%","166,529","10.0%","7,130","6.9%","191,537","9.9%","54,354","10.2%","57,377","8.4%","175,211","8.5%","12,165","7.3%","86,896","10.8%","12,245","9.2%","104,250","10.1%","268,313","7.7%","33,282","6.6%","10,794","9.4%","103,407","7.2%","78,007","6.2%","30,454","12.3%","92,763","9.2%","10,052","10.1%","54,024","17.5%"
"        $50,000 to $74,999","137,233","19.0%","16,169","16.3%","193,285","17.8%","81,579","20.2%","627,551","12.6%","154,515","14.8%","79,602","13.4%","30,864","17.8%","7,201","7.8%","541,125","18.4%","289,036","18.2%","23,321","12.9%","60,797","20.2%","314,012","15.7%","239,554","20.4%","106,401","19.6%","86,128","19.6%","137,488","20.6%","103,625","17.3%","49,215","19.7%","133,128","12.4%","128,397","11.4%","313,686","18.6%","171,698","16.5%","73,502","20.2%","194,279","19.6%","34,691","20.8%","55,186","18.1%","82,536","18.9%","36,427","14.6%","160,005","11.7%","57,394","20.1%","321,783","13.6%","308,645","18.5%","17,606","17.0%","373,008","19.2%","102,584","19.2%","114,992","16.8%","356,323","17.2%","25,751","15.5%","149,967","18.6%","28,515","21.4%","197,509","19.2%","557,384","16.1%","92,861","18.3%","20,749","18.1%","201,012","14.1%","183,026","14.6%","51,179","20.7%","184,627","18.4%","19,679","19.8%","54,422","17.6%"
"        $75,000 to $99,999","111,594","15.5%","13,739","13.8%","177,368","16.3%","65,453","16.2%","645,924","13.0%","152,385","14.6%","79,389","13.4%","28,685","16.5%","8,974","9.7%","470,362","16.0%","241,351","15.2%","25,941","14.4%","55,995","18.6%","298,624","14.9%","200,658","17.1%","99,581","18.3%","77,951","17.8%","113,620","17.0%","98,373","16.4%","46,934","18.7%","153,834","14.4%","139,561","12.4%","287,350","17.1%","173,286","16.6%","60,416","16.6%","171,053","17.2%","30,018","18.0%","56,104","18.4%","75,503","17.3%","39,294","15.8%","173,586","12.7%","48,994","17.2%","326,077","13.7%","277,715","16.6%","18,715","18.1%","333,617","17.2%","93,014","17.4%","109,694","16.0%","344,997","16.7%","27,572","16.6%","133,903","16.6%","26,118","19.6%","174,239","16.9%","527,288","15.2%","92,470","18.2%","19,600","17.1%","205,705","14.4%","188,081","15.0%","41,530","16.8%","185,650","18.5%","18,716","18.9%","28,012","9.1%"
"        $100,000 to $149,999","158,941","22.0%","25,997","26.2%","247,081","22.7%","78,671","19.5%","1,116,061","22.4%","255,888","24.5%","138,977","23.4%","40,673","23.5%","17,748","19.2%","606,852","20.6%","344,570","21.7%","47,654","26.4%","66,908","22.2%","483,818","24.1%","259,388","22.1%","136,219","25.1%","106,216","24.2%","142,761","21.4%","131,285","21.9%","53,798","21.5%","261,259","24.4%","271,178","24.1%","371,843","22.1%","269,097","25.8%","67,682","18.6%","224,733","22.6%","37,344","22.4%","77,523","25.5%","98,434","22.6%","67,303","27.0%","313,761","23.0%","52,364","18.3%","540,011","22.7%","360,418","21.6%","30,586","29.6%","443,242","22.8%","123,095","23.1%","164,132","24.0%","484,019","23.4%","44,611","26.8%","168,353","20.9%","31,249","23.4%","220,948","21.5%","810,042","23.4%","134,632","26.6%","29,043","25.3%","324,499","22.7%","304,419","24.3%","50,288","20.3%","259,467","25.8%","24,178","24.4%","19,269","6.2%"
"        $150,000 or more","115,824","16.0%","29,246","29.5%","222,648","20.5%","59,312","14.7%","1,851,870","37.2%","307,528","29.5%","210,174","35.4%","40,610","23.4%","49,418","53.4%","578,523","19.6%","367,239","23.2%","59,214","32.8%","46,523","15.4%","538,915","26.9%","185,522","15.8%","89,959","16.5%","88,804","20.3%","101,899","15.3%","111,569","18.7%","42,987","17.2%","385,230","36.0%","451,483","40.1%","313,742","18.6%","268,475","25.8%","48,831","13.4%","175,726","17.7%","26,061","15.6%","60,544","19.9%","90,614","20.8%","73,029","29.3%","552,161","40.4%","44,420","15.5%","821,163","34.6%","326,636","19.6%","21,441","20.7%","360,765","18.6%","88,542","16.6%","167,672","24.5%","478,850","23.1%","42,440","25.5%","149,643","18.6%","21,268","15.9%","181,955","17.7%","937,350","27.1%","109,715","21.7%","22,217","19.3%","461,919","32.3%","395,266","31.5%","32,507","13.1%","185,345","18.4%","17,718","17.9%","13,835","4.5%"
"        Median household income (dollars)","80,706","80,706","107,786","107,786","88,809","88,809","75,464","75,464","118,575","118,575","106,488","106,488","116,398","116,398","94,789","94,789","157,050","157,050","83,747","83,747","90,886","90,886","116,239","116,239","82,670","82,670","101,117","101,117","81,495","81,495","88,085","88,085","91,487","91,487","79,444","79,444","85,646","85,646","83,704","83,704","118,991","118,991","127,308","127,308","85,432","85,432","101,802","101,802","72,845","72,845","85,394","85,394","81,685","81,685","92,606","92,606","89,494","89,494","109,782","109,782","126,612","126,612","76,399","76,399","112,733","112,733","86,098","86,098","100,353","100,353","86,569","86,569","84,367","84,367","97,630","97,630","94,035","94,035","102,698","102,698","83,591","83,591","86,870","86,870","82,414","82,414","100,584","100,584","96,894","96,894","91,997","91,997","108,355","108,355","109,421","109,421","75,215","75,215","91,419","91,419","90,111","90,111","38,504","38,504"
"    RATIO OF VALUE TO HOUSEHOLD INCOME IN THE PAST 12 MONTHS","","","","","","","","","","","","","","","","","","","","","","","","","","","","","","","","","","","","","","","","","","","","","","","","","","","","","","","","","","","","","","","","","","","","","","","","","","","","","","","","","","","","","","","","","","","","","","","","","","","","","","","",""
"        Less than 2.0","331,667","45.9%","30,653","30.9%","247,281","22.7%","200,302","49.6%","439,188","8.8%","135,804","13.0%","215,737","36.4%","52,940","30.5%","11,435","12.4%","742,301","25.2%","587,794","37.1%","9,572","5.3%","59,936","19.9%","907,649","45.3%","590,795","50.3%","285,477","52.5%","228,560","52.1%","307,753","46.1%","250,511","41.9%","90,630","36.2%","286,386","26.7%","216,830","19.3%","761,756","45.2%","365,164","35.1%","176,254","48.4%","461,665","46.5%","38,207","22.9%","150,479","49.5%","68,988","15.8%","79,770","32.0%","407,637","29.8%","97,336","34.1%","789,697","33.3%","610,761","36.6%","43,312","41.9%","1,027,508","53.0%","279,399","52.4%","96,333","14.1%","911,316","44.0%","44,115","26.5%","296,526","36.8%","53,457","40.1%","364,165","35.4%","1,459,393","42.1%","75,696","14.9%","37,666","32.8%","376,125","26.3%","171,519","13.7%","125,469","50.6%","417,682","41.5%","28,145","28.4%","70,815","23.0%"
"        2.0 to 2.9","172,190","23.8%","28,845","29.1%","293,635","27.0%","96,066","23.8%","744,770","15.0%","239,977","23.0%","156,698","26.4%","47,268","27.3%","19,697","21.3%","751,614","25.5%","430,099","27.1%","19,938","11.1%","78,959","26.2%","513,187","25.6%","279,758","23.8%","136,252","25.1%","111,335","25.4%","169,509","25.4%","147,805","24.7%","66,848","26.7%","310,871","29.0%","293,520","26.1%","431,434","25.6%","320,026","30.7%","81,045","22.3%","259,758","26.1%","38,680","23.2%","82,252","27.0%","103,837","23.8%","72,530","29.1%","376,861","27.6%","70,131","24.5%","502,602","21.2%","445,638","26.7%","30,188","29.2%","466,613","24.0%","125,595","23.6%","161,724","23.6%","525,864","25.4%","50,937","30.6%","209,353","26.0%","37,286","28.0%","275,952","26.8%","911,866","26.3%","126,714","25.0%","32,329","28.1%","408,878","28.6%","284,407","22.7%","57,058","23.0%","290,964","28.9%","29,034","29.3%","66,847","21.7%"
"        3.0 to 3.9","81,433","11.3%","15,263","15.4%","190,012","17.5%","44,211","11.0%","864,271","17.4%","217,726","20.9%","81,912","13.8%","25,866","14.9%","17,523","18.9%","483,540","16.4%","215,072","13.6%","25,748","14.3%","58,222","19.3%","227,640","11.4%","122,122","10.4%","52,848","9.7%","43,336","9.9%","81,232","12.2%","72,522","12.1%","32,257","12.9%","184,752","17.3%","208,922","18.6%","196,365","11.7%","152,753","14.7%","41,083","11.3%","109,039","11.0%","30,565","18.3%","33,090","10.9%","84,405","19.3%","41,170","16.5%","218,051","16.0%","40,394","14.1%","311,109","13.1%","232,735","13.9%","14,303","13.8%","188,057","9.7%","50,970","9.6%","137,869","20.1%","246,349","11.9%","26,437","15.9%","109,654","13.6%","18,563","13.9%","155,112","15.1%","434,896","12.6%","113,443","22.4%","18,311","15.9%","252,641","17.7%","257,351","20.5%","23,269","9.4%","125,495","12.5%","17,300","17.4%","46,035","14.9%"
"        4.0 or more","131,764","18.2%","24,372","24.5%","350,029","32.2%","61,722","15.3%","2,908,341","58.4%","444,461","42.6%","135,718","22.9%","46,960","27.1%","43,352","46.9%","953,466","32.3%","341,819","21.6%","124,561","69.1%","103,399","34.3%","348,317","17.4%","176,229","15.0%","68,210","12.5%","54,098","12.3%","106,986","16.0%","122,441","20.5%","60,116","24.0%","283,827","26.5%","402,504","35.8%","290,386","17.2%","201,337","19.3%","63,041","17.3%","160,099","16.1%","58,768","35.2%","37,719","12.4%","176,454","40.4%","55,062","22.1%","359,942","26.3%","75,563","26.5%","762,063","32.1%","372,322","22.3%","15,254","14.8%","251,531","13.0%","75,152","14.1%","286,684","41.8%","377,896","18.3%","44,585","26.8%","184,619","22.9%","23,982","18.0%","229,792","22.3%","646,752","18.7%","189,050","37.3%","25,936","22.6%","386,776","27.1%","535,230","42.7%","40,587","16.4%","169,475","16.9%","24,189","24.4%","119,270","38.7%"
"        Not computed","4,942","0.7%","160","0.2%","6,119","0.6%","1,250","0.3%","22,419","0.5%","4,411","0.4%","2,944","0.5%","291","0.2%","524","0.6%","17,164","0.6%","10,582","0.7%","485","0.3%","1,108","0.4%","7,516","0.4%","5,667","0.5%","994","0.2%","1,076","0.2%","1,864","0.3%","4,896","0.8%","600","0.2%","4,772","0.4%","3,082","0.3%","5,340","0.3%","1,892","0.2%","2,514","0.7%","3,110","0.3%","720","0.4%","701","0.2%","2,637","0.6%","917","0.4%","3,790","0.3%","2,250","0.8%","8,991","0.4%","8,950","0.5%","298","0.3%","6,491","0.3%","2,029","0.4%","2,587","0.4%","8,146","0.4%","496","0.3%","4,829","0.6%","107","0.1%","3,217","0.3%","12,041","0.3%","1,787","0.4%","611","0.5%","4,924","0.3%","4,388","0.4%","1,412","0.6%","2,121","0.2%","525","0.5%","5,407","1.8%"
"    MONTHLY HOUSING COSTS","","","","","","","","","","","","","","","","","","","","","","","","","","","","","","","","","","","","","","","","","","","","","","","","","","","","","","","","","","","","","","","","","","","","","","","","","","","","","","","","","","","","","","","","","","","","","","","","","","","","","","","",""
"        Less than $200","171","0.0%","55","0.1%","943","0.1%","121","0.0%","5,055","0.1%","476","0.0%","619","0.1%","0","0.0%","0","0.0%","1,066","0.0%","619","0.0%","69","0.0%","687","0.2%","1,136","0.1%","189","0.0%","134","0.0%","204","0.0%","139","0.0%","515","0.1%","130","0.1%","885","0.1%","997","0.1%","545","0.0%","612","0.1%","39","0.0%","273","0.0%","0","0.0%","228","0.1%","311","0.1%","0","0.0%","321","0.0%","433","0.2%","2,156","0.1%","600","0.0%","31","0.0%","750","0.0%","322","0.1%","405","0.1%","893","0.0%","0","0.0%","259","0.0%","0","0.0%","287","0.0%","1,993","0.1%","731","0.1%","68","0.1%","857","0.1%","600","0.0%","133","0.1%","498","0.0%","0","0.0%","1,007","0.3%"
"        $200 to $399","6,122","0.8%","392","0.4%","5,586","0.5%","4,932","1.2%","11,459","0.2%","3,384","0.3%","677","0.1%","635","0.4%","337","0.4%","12,131","0.4%","6,877","0.4%","240","0.1%","2,378","0.8%","7,439","0.4%","9,379","0.8%","2,365","0.4%","2,525","0.6%","5,972","0.9%","4,531","0.8%","1,088","0.4%","2,762","0.3%","2,337","0.2%","9,343","0.6%","3,102","0.3%","3,687","1.0%","4,289","0.4%","887","0.5%","934","0.3%","2,612","0.6%","349","0.1%","1,654","0.1%","1,565","0.5%","7,405","0.3%","8,945","0.5%","246","0.2%","12,785","0.7%","3,781","0.7%","1,667","0.2%","8,039","0.4%","506","0.3%","4,551","0.6%","539","0.4%","6,015","0.6%","11,154","0.3%","2,216","0.4%","594","0.5%","6,700","0.5%","3,545","0.3%","3,153","1.3%","2,467","0.2%","274","0.3%","10,800","3.5%"
"        $400 to $599","33,625","4.7%","1,214","1.2%","25,608","2.4%","29,044","7.2%","30,274","0.6%","11,124","1.1%","2,338","0.4%","3,894","2.2%","134","0.1%","67,297","2.3%","36,790","2.3%","1,836","1.0%","10,714","3.6%","41,981","2.1%","59,267","5.0%","17,910","3.3%","11,863","2.7%","36,065","5.4%","25,508","4.3%","8,823","3.5%","9,928","0.9%","5,933","0.5%","60,269","3.6%","16,451","1.6%","20,031","5.5%","36,391","3.7%","5,867","3.5%","6,795","2.2%","5,211","1.2%","2,104","0.8%","5,956","0.4%","10,148","3.6%","33,499","1.4%","57,951","3.5%","2,250","2.2%","72,272","3.7%","21,930","4.1%","8,440","1.2%","53,728","2.6%","1,120","0.7%","28,779","3.6%","4,244","3.2%","38,515","3.7%","54,118","1.6%","7,330","1.4%","1,380","1.2%","28,926","2.0%","12,079","1.0%","22,792","9.2%","20,116","2.0%","2,465","2.5%","51,394","16.7%"
"        $600 to $799","85,980","11.9%","1,762","1.8%","66,924","6.2%","58,808","14.6%","73,267","1.5%","30,102","2.9%","6,931","1.2%","7,930","4.6%","826","0.9%","183,227","6.2%","104,185","6.6%","4,373","2.4%","24,212","8.0%","107,435","5.4%","159,336","13.6%","52,630","9.7%","33,231","7.6%","77,842","11.7%","60,612","10.1%","19,539","7.8%","23,590","2.2%","12,417","1.1%","158,556","9.4%","46,182","4.4%","52,467","14.4%","101,520","10.2%","9,947","6.0%","17,492","5.7%","16,540","3.8%","4,114","1.6%","9,866","0.7%","29,277","10.2%","91,328","3.8%","151,867","9.1%","7,476","7.2%","201,435","10.4%","54,836","10.3%","20,417","3.0%","152,552","7.4%","3,176","1.9%","82,215","10.2%","8,614","6.5%","104,928","10.2%","155,125","4.5%","17,029","3.4%","4,454","3.9%","69,343","4.9%","28,410","2.3%","40,866","16.5%","66,080","6.6%","5,886","5.9%","81,264","26.4%"
"        $800 to $999","129,624","18.0%","3,568","3.6%","118,038","10.9%","78,955","19.6%","130,462","2.6%","57,104","5.5%","14,753","2.5%","13,095","7.6%","3,105","3.4%","294,522","10.0%","180,788","11.4%","4,585","2.5%","42,561","14.1%","166,949","8.3%","217,517","18.5%","80,662","14.8%","56,335","12.8%","115,887","17.4%","81,461","13.6%","27,388","10.9%","43,577","4.1%","28,885","2.6%","245,146","14.5%","82,545","7.9%","63,816","17.5%","147,831","14.9%","17,101","10.2%","33,810","11.1%","34,681","7.9%","7,961","3.2%","24,523","1.8%","38,598","13.5%","154,095","6.5%","234,254","14.0%","9,041","8.7%","305,279","15.7%","84,240","15.8%","41,610","6.1%","229,100","11.1%","5,005","3.0%","125,371","15.6%","16,312","12.2%","162,079","15.8%","270,811","7.8%","32,153","6.3%","7,005","6.1%","94,575","6.6%","56,344","4.5%","46,168","18.6%","119,753","11.9%","8,478","8.5%","61,880","20.1%"
"        $1,000 to $1,499","257,971","35.7%","18,748","18.9%","356,562","32.8%","132,090","32.7%","631,192","12.7%","230,861","22.1%","98,913","16.7%","54,541","31.5%","8,256","8.9%","869,800","29.5%","512,257","32.3%","20,115","11.2%","110,274","36.6%","497,359","24.8%","422,235","35.9%","198,513","36.5%","147,670","33.7%","238,352","35.7%","212,419","35.5%","86,911","34.7%","189,623","17.7%","151,771","13.5%","597,397","35.4%","312,301","30.0%","125,062","34.4%","350,973","35.3%","53,211","31.9%","108,626","35.7%","136,855","31.4%","47,626","19.1%","139,461","10.2%","109,614","38.4%","444,401","18.7%","563,090","33.7%","38,161","36.9%","675,675","34.8%","192,310","36.1%","173,808","25.4%","618,614","29.9%","37,631","22.6%","283,940","35.3%","49,357","37.0%","351,412","34.2%","910,713","26.3%","160,856","31.7%","36,692","31.9%","328,694","23.0%","243,263","19.4%","83,059","33.5%","357,443","35.5%","38,511","38.8%","66,368","21.5%"
"        $1,500 to $1,999","117,806","16.3%","31,185","31.4%","253,994","23.4%","55,921","13.9%","888,497","17.8%","267,132","25.6%","151,784","25.6%","49,032","28.3%","14,032","15.2%","672,646","22.8%","347,568","21.9%","28,268","15.7%","60,682","20.1%","446,615","22.3%","176,354","15.0%","103,149","19.0%","93,180","21.3%","107,254","16.1%","115,506","19.3%","54,667","21.8%","258,760","24.2%","231,766","20.6%","319,864","19.0%","279,553","26.8%","58,018","15.9%","192,107","19.3%","43,961","26.3%","76,167","25.0%","117,060","26.8%","67,826","27.2%","268,929","19.7%","55,447","19.4%","358,097","15.1%","330,480","19.8%","25,052","24.2%","363,532","18.7%","97,177","18.2%","182,509","26.6%","446,322","21.6%","51,006","30.6%","138,902","17.3%","30,580","22.9%","184,691","18.0%","852,335","24.6%","141,915","28.0%","32,500","28.3%","301,042","21.1%","312,314","24.9%","31,458","12.7%","236,907","23.6%","24,482","24.7%","21,146","6.9%"
"        $2,000 to $2,499","50,942","7.1%","20,146","20.3%","128,188","11.8%","23,768","5.9%","855,187","17.2%","195,172","18.7%","117,853","19.9%","24,775","14.3%","14,809","16.0%","378,948","12.9%","181,244","11.4%","32,485","18.0%","28,919","9.6%","301,879","15.1%","71,237","6.1%","48,954","9.0%","46,559","10.6%","45,388","6.8%","51,845","8.7%","28,353","11.3%","204,953","19.1%","232,488","20.7%","148,909","8.8%","149,490","14.4%","22,243","6.1%","84,568","8.5%","18,919","11.3%","31,315","10.3%","68,283","15.6%","58,188","23.3%","281,139","20.6%","22,584","7.9%","307,934","13.0%","160,288","9.6%","11,782","11.4%","158,850","8.2%","37,841","7.1%","119,659","17.5%","260,928","12.6%","33,505","20.1%","71,167","8.8%","12,664","9.5%","91,710","8.9%","509,008","14.7%","76,611","15.1%","16,565","14.4%","211,039","14.8%","223,328","17.8%","10,811","4.4%","107,357","10.7%","10,363","10.4%","5,595","1.8%"
"        $2,500 to $2,999","19,963","2.8%","11,444","11.5%","67,566","6.2%","10,960","2.7%","705,697","14.2%","119,956","11.5%","75,918","12.8%","11,040","6.4%","12,921","14.0%","201,093","6.8%","100,102","6.3%","26,658","14.8%","10,894","3.6%","177,504","8.9%","29,324","2.5%","18,687","3.4%","23,117","5.3%","17,579","2.6%","19,701","3.3%","11,827","4.7%","135,579","12.7%","176,111","15.7%","68,561","4.1%","71,551","6.9%","9,945","2.7%","35,484","3.6%","8,503","5.1%","14,297","4.7%","28,542","6.5%","30,575","12.3%","215,253","15.8%","8,586","3.0%","278,890","11.7%","78,576","4.7%","5,057","4.9%","71,119","3.7%","19,767","3.7%","66,733","9.7%","138,357","6.7%","17,574","10.6%","32,305","4.0%","4,962","3.7%","41,410","4.0%","287,117","8.3%","34,733","6.9%","8,973","7.8%","151,290","10.6%","146,702","11.7%","4,758","1.9%","48,478","4.8%","5,351","5.4%","4,094","1.3%"
"        $3,000 or more","19,792","2.7%","10,779","10.9%","63,667","5.9%","8,952","2.2%","1,647,899","33.1%","127,068","12.2%","123,223","20.8%","8,383","4.8%","38,111","41.2%","267,355","9.1%","114,936","7.2%","61,675","34.2%","10,303","3.4%","256,012","12.8%","29,733","2.5%","20,777","3.8%","23,721","5.4%","22,866","3.4%","26,077","4.4%","11,725","4.7%","200,951","18.8%","282,153","25.1%","76,691","4.6%","79,385","7.6%","8,629","2.4%","40,235","4.0%","8,544","5.1%","14,577","4.8%","26,226","6.0%","30,706","12.3%","419,179","30.7%","9,422","3.3%","696,657","29.3%","84,355","5.0%","4,259","4.1%","78,503","4.0%","20,941","3.9%","69,949","10.2%","161,038","7.8%","17,047","10.2%","37,492","4.7%","6,123","4.6%","47,191","4.6%","412,574","11.9%","33,116","6.5%","6,622","5.8%","236,878","16.6%","226,310","18.1%","4,597","1.9%","46,638","4.6%","3,383","3.4%","4,826","1.6%"
"        Median (dollars)","1,172","1,172","1,882","1,882","1,457","1,457","1,094","1,094","2,421","2,421","1,845","1,845","2,087","2,087","1,557","1,557","2,684","2,684","1,530","1,530","1,450","1,450","2,472","2,472","1,306","1,306","1,688","1,688","1,146","1,146","1,266","1,266","1,387","1,387","1,179","1,179","1,279","1,279","1,387","1,387","2,015","2,015","2,276","2,276","1,285","1,285","1,595","1,595","1,149","1,149","1,271","1,271","1,466","1,466","1,427","1,427","1,589","1,589","1,963","1,963","2,413","2,413","1,269","1,269","2,156","2,156","1,318","1,318","1,430","1,430","1,250","1,250","1,231","1,231","1,750","1,750","1,477","1,477","1,837","1,837","1,250","1,250","1,371","1,371","1,264","1,264","1,675","1,675","1,605","1,605","1,606","1,606","1,792","1,792","1,951","1,951","1,052","1,052","1,412","1,412","1,417","1,417","828","828"
"    MONTHLY HOUSING COSTS AS A PERCENTAGE OF HOUSEHOLD INCOME IN THE PAST 12 MONTHS","","","","","","","","","","","","","","","","","","","","","","","","","","","","","","","","","","","","","","","","","","","","","","","","","","","","","","","","","","","","","","","","","","","","","","","","","","","","","","","","","","","","","","","","","","","","","","","","","","","","","","","",""
"        Less than $20,000","45,989","6.4%","3,031","3.1%","51,238","4.7%","24,800","6.1%","169,209","3.4%","35,493","3.4%","15,243","2.6%","7,452","4.3%","2,525","2.7%","158,547","5.4%","76,987","4.9%","5,653","3.1%","13,864","4.6%","77,561","3.9%","56,442","4.8%","20,985","3.9%","14,962","3.4%","36,926","5.5%","38,326","6.4%","11,986","4.8%","31,191","2.9%","29,115","2.6%","78,042","4.6%","29,388","2.8%","28,378","7.8%","43,487","4.4%","7,524","4.5%","9,402","3.1%","20,164","4.6%","5,330","2.1%","33,419","2.4%","18,782","6.6%","77,630","3.3%","84,788","5.1%","2,194","2.1%","79,535","4.1%","24,510","4.6%","26,262","3.8%","88,200","4.3%","5,431","3.3%","44,944","5.6%","4,317","3.2%","54,297","5.3%","136,581","3.9%","16,213","3.2%","4,175","3.6%","49,179","3.4%","38,364","3.1%","15,892","6.4%","35,256","3.5%","3,343","3.4%","65,138","21.1%"
"            Less than 20 percent","75","0.0%","0","0.0%","41","0.0%","12","0.0%","861","0.0%","82","0.0%","58","0.0%","0","0.0%","0","0.0%","229","0.0%","112","0.0%","0","0.0%","40","0.0%","125","0.0%","143","0.0%","125","0.0%","108","0.0%","28","0.0%","277","0.0%","0","0.0%","66","0.0%","70","0.0%","221","0.0%","225","0.0%","41","0.0%","101","0.0%","0","0.0%","0","0.0%","16","0.0%","0","0.0%","0","0.0%","25","0.0%","170","0.0%","398","0.0%","0","0.0%","114","0.0%","19","0.0%","67","0.0%","154","0.0%","0","0.0%","0","0.0%","0","0.0%","292","0.0%","437","0.0%","37","0.0%","138","0.1%","215","0.0%","177","0.0%","0","0.0%","230","0.0%","0","0.0%","328","0.1%"
"            20 to 29 percent","608","0.1%","0","0.0%","354","0.0%","537","0.1%","861","0.0%","706","0.1%","0","0.0%","0","0.0%","0","0.0%","1,105","0.0%","913","0.1%","0","0.0%","477","0.2%","933","0.0%","765","0.1%","348","0.1%","208","0.0%","1,178","0.2%","668","0.1%","144","0.1%","256","0.0%","72","0.0%","1,786","0.1%","109","0.0%","494","0.1%","790","0.1%","68","0.0%","108","0.0%","123","0.0%","0","0.0%","0","0.0%","86","0.0%","732","0.0%","1,096","0.1%","44","0.0%","1,010","0.1%","558","0.1%","143","0.0%","690","0.0%","37","0.0%","221","0.0%","10","0.0%","1,025","0.1%","729","0.0%","289","0.1%","189","0.2%","984","0.1%","257","0.0%","643","0.3%","264","0.0%","0","0.0%","2,545","0.8%"
"            30 percent or more","45,306","6.3%","3,031","3.1%","50,843","4.7%","24,251","6.0%","167,487","3.4%","34,705","3.3%","15,185","2.6%","7,452","4.3%","2,525","2.7%","157,213","5.3%","75,962","4.8%","5,653","3.1%","13,347","4.4%","76,503","3.8%","55,534","4.7%","20,512","3.8%","14,646","3.3%","35,720","5.4%","37,381","6.2%","11,842","4.7%","30,869","2.9%","28,973","2.6%","76,035","4.5%","29,054","2.8%","27,843","7.7%","42,596","4.3%","7,456","4.5%","9,294","3.1%","20,025","4.6%","5,330","2.1%","33,419","2.4%","18,671","6.5%","76,728","3.2%","83,294","5.0%","2,150","2.1%","78,411","4.0%","23,933","4.5%","26,052","3.8%","87,356","4.2%","5,394","3.2%","44,723","5.6%","4,307","3.2%","52,980","5.2%","135,415","3.9%","15,887","3.1%","3,848","3.4%","47,980","3.4%","37,930","3.0%","15,249","6.2%","34,762","3.5%","3,343","3.4%","62,265","20.2%"
"        $20,000 to $34,999","67,979","9.4%","4,052","4.1%","77,956","7.2%","45,344","11.2%","244,279","4.9%","55,892","5.4%","29,763","5.0%","10,345","6.0%","2,269","2.5%","256,607","8.7%","111,143","7.0%","9,023","5.0%","22,429","7.4%","121,985","6.1%","96,523","8.2%","36,431","6.7%","24,309","5.5%","56,479","8.5%","51,428","8.6%","20,008","8.0%","41,253","3.9%","43,882","3.9%","136,951","8.1%","51,602","5.0%","36,504","10.0%","74,875","7.5%","12,803","7.7%","16,269","5.3%","27,533","6.3%","9,992","4.0%","56,447","4.1%","31,057","10.9%","120,616","5.1%","136,725","8.2%","5,385","5.2%","152,005","7.8%","45,017","8.4%","42,481","6.2%","133,825","6.5%","8,104","4.9%","66,446","8.3%","9,576","7.2%","91,823","8.9%","215,949","6.2%","25,730","5.1%","7,664","6.7%","78,699","5.5%","61,344","4.9%","24,533","9.9%","60,508","6.0%","4,982","5.0%","68,267","22.1%"
"            Less than 20 percent","2,414","0.3%","124","0.1%","2,246","0.2%","2,686","0.7%","2,737","0.1%","717","0.1%","286","0.0%","160","0.1%","0","0.0%","6,162","0.2%","3,148","0.2%","0","0.0%","306","0.1%","3,197","0.2%","4,930","0.4%","1,375","0.3%","614","0.1%","2,468","0.4%","1,976","0.3%","401","0.2%","470","0.0%","337","0.0%","3,696","0.2%","1,013","0.1%","1,025","0.3%","2,387","0.2%","214","0.1%","318","0.1%","430","0.1%","0","0.0%","443","0.0%","732","0.3%","2,425","0.1%","3,153","0.2%","81","0.1%","6,081","0.3%","2,183","0.4%","313","0.0%","3,719","0.2%","0","0.0%","1,532","0.2%","236","0.2%","2,436","0.2%","3,246","0.1%","450","0.1%","227","0.2%","2,674","0.2%","946","0.1%","1,369","0.6%","893","0.1%","307","0.3%","4,742","1.5%"
"            20 to 29 percent","12,147","1.7%","150","0.2%","9,635","0.9%","11,115","2.8%","9,074","0.2%","3,401","0.3%","710","0.1%","919","0.5%","0","0.0%","22,742","0.8%","11,705","0.7%","482","0.3%","2,614","0.9%","14,795","0.7%","22,082","1.9%","6,945","1.3%","4,086","0.9%","11,880","1.8%","6,665","1.1%","2,790","1.1%","2,095","0.2%","893","0.1%","22,192","1.3%","5,307","0.5%","7,961","2.2%","14,882","1.5%","1,631","1.0%","1,969","0.6%","1,926","0.4%","394","0.2%","864","0.1%","5,121","1.8%","8,646","0.4%","21,902","1.3%","1,314","1.3%","27,578","1.4%","8,448","1.6%","2,958","0.4%","17,145","0.8%","346","0.2%","10,446","1.3%","1,501","1.1%","15,912","1.5%","18,902","0.5%","1,561","0.3%","716","0.6%","9,135","0.6%","3,304","0.3%","6,330","2.6%","7,388","0.7%","651","0.7%","21,611","7.0%"
"            30 percent or more","53,418","7.4%","3,778","3.8%","66,075","6.1%","31,543","7.8%","232,468","4.7%","51,774","5.0%","28,767","4.9%","9,266","5.3%","2,269","2.5%","227,703","7.7%","96,290","6.1%","8,541","4.7%","19,509","6.5%","103,993","5.2%","69,511","5.9%","28,111","5.2%","19,609","4.5%","42,131","6.3%","42,787","7.2%","16,817","6.7%","38,688","3.6%","42,652","3.8%","111,063","6.6%","45,282","4.3%","27,518","7.6%","57,606","5.8%","10,958","6.6%","13,982","4.6%","25,177","5.8%","9,598","3.8%","55,140","4.0%","25,204","8.8%","109,545","4.6%","111,670","6.7%","3,990","3.9%","118,346","6.1%","34,386","6.4%","39,210","5.7%","112,961","5.5%","7,758","4.7%","54,468","6.8%","7,839","5.9%","73,475","7.1%","193,801","5.6%","23,719","4.7%","6,721","5.9%","66,890","4.7%","57,094","4.6%","16,834","6.8%","52,227","5.2%","4,024","4.1%","41,914","13.6%"
"        $35,000 to $49,999","79,494","11.0%","6,899","6.9%","111,381","10.2%","47,142","11.7%","301,676","6.1%","76,267","7.3%","36,917","6.2%","14,405","8.3%","3,872","4.2%","318,905","10.8%","144,458","9.1%","9,013","5.0%","34,000","11.3%","161,878","8.1%","130,817","11.1%","53,211","9.8%","38,959","8.9%","76,307","11.4%","58,673","9.8%","24,923","10.0%","59,941","5.6%","58,160","5.2%","178,327","10.6%","75,734","7.3%","46,110","12.7%","106,408","10.7%","17,779","10.6%","28,512","9.4%","38,900","8.9%","17,157","6.9%","73,112","5.4%","30,413","10.6%","158,191","6.7%","166,529","10.0%","7,130","6.9%","191,537","9.9%","54,354","10.2%","57,377","8.4%","175,211","8.5%","12,165","7.3%","86,896","10.8%","12,245","9.2%","104,250","10.1%","268,313","7.7%","33,282","6.6%","10,794","9.4%","103,407","7.2%","78,007","6.2%","30,454","12.3%","92,763","9.2%","10,052","10.1%","54,024","17.5%"
"            Less than 20 percent","10,232","1.4%","233","0.2%","9,576","0.9%","8,522","2.1%","8,855","0.2%","4,946","0.5%","650","0.1%","1,586","0.9%","123","0.1%","25,900","0.9%","12,228","0.8%","20","0.0%","3,950","1.3%","17,835","0.9%","23,342","2.0%","7,178","1.3%","4,858","1.1%","12,494","1.9%","9,210","1.5%","2,104","0.8%","2,588","0.2%","1,529","0.1%","25,115","1.5%","6,692","0.6%","9,194","2.5%","15,146","1.5%","1,641","1.0%","2,836","0.9%","1,581","0.4%","410","0.2%","1,130","0.1%","2,731","1.0%","13,655","0.6%","18,713","1.1%","889","0.9%","31,902","1.6%","7,229","1.4%","4,163","0.6%","19,552","0.9%","970","0.6%","12,366","1.5%","1,487","1.1%","14,123","1.4%","19,329","0.6%","1,480","0.3%","597","0.5%","9,876","0.7%","3,605","0.3%","7,500","3.0%","9,860","1.0%","1,111","1.1%","14,014","4.5%"
"            20 to 29 percent","38,035","5.3%","1,411","1.4%","34,838","3.2%","23,215","5.8%","34,214","0.7%","14,621","1.4%","3,929","0.7%","3,535","2.0%","834","0.9%","82,893","2.8%","47,238","3.0%","870","0.5%","13,878","4.6%","45,477","2.3%","58,717","5.0%","21,851","4.0%","15,548","3.5%","33,512","5.0%","18,733","3.1%","7,743","3.1%","10,270","1.0%","6,000","0.5%","67,264","4.0%","22,313","2.1%","18,116","5.0%","42,705","4.3%","5,422","3.2%","10,808","3.6%","9,035","2.1%","1,759","0.7%","6,107","0.4%","11,561","4.0%","35,613","1.5%","63,423","3.8%","2,072","2.0%","78,204","4.0%","23,313","4.4%","12,238","1.8%","53,019","2.6%","1,076","0.6%","33,238","4.1%","4,066","3.0%","43,769","4.3%","67,017","1.9%","8,193","1.6%","2,878","2.5%","26,411","1.8%","14,508","1.2%","12,666","5.1%","32,023","3.2%","3,432","3.5%","25,969","8.4%"
"            30 percent or more","31,227","4.3%","5,255","5.3%","66,967","6.2%","15,405","3.8%","258,607","5.2%","56,700","5.4%","32,338","5.5%","9,284","5.4%","2,915","3.2%","210,112","7.1%","84,992","5.4%","8,123","4.5%","16,172","5.4%","98,566","4.9%","48,758","4.2%","24,182","4.4%","18,553","4.2%","30,301","4.5%","30,730","5.1%","15,076","6.0%","47,083","4.4%","50,631","4.5%","85,948","5.1%","46,729","4.5%","18,800","5.2%","48,557","4.9%","10,716","6.4%","14,868","4.9%","28,284","6.5%","14,988","6.0%","65,875","4.8%","16,121","5.6%","108,923","4.6%","84,393","5.1%","4,169","4.0%","81,431","4.2%","23,812","4.5%","40,976","6.0%","102,640","5.0%","10,119","6.1%","41,292","5.1%","6,692","5.0%","46,358","4.5%","181,967","5.3%","23,609","4.7%","7,319","6.4%","67,120","4.7%","59,894","4.8%","10,288","4.2%","50,880","5.1%","5,509","5.6%","14,041","4.6%"
"        $50,000 to $74,999","137,233","19.0%","16,169","16.3%","193,285","17.8%","81,579","20.2%","627,551","12.6%","154,515","14.8%","79,602","13.4%","30,864","17.8%","7,201","7.8%","541,125","18.4%","289,036","18.2%","23,321","12.9%","60,797","20.2%","314,012","15.7%","239,554","20.4%","106,401","19.6%","86,128","19.6%","137,488","20.6%","103,625","17.3%","49,215","19.7%","133,128","12.4%","128,397","11.4%","313,686","18.6%","171,698","16.5%","73,502","20.2%","194,279","19.6%","34,691","20.8%","55,186","18.1%","82,536","18.9%","36,427","14.6%","160,005","11.7%","57,394","20.1%","321,783","13.6%","308,645","18.5%","17,606","17.0%","373,008","19.2%","102,584","19.2%","114,992","16.8%","356,323","17.2%","25,751","15.5%","149,967","18.6%","28,515","21.4%","197,509","19.2%","557,384","16.1%","92,861","18.3%","20,749","18.1%","201,012","14.1%","183,026","14.6%","51,179","20.7%","184,627","18.4%","19,679","19.8%","54,422","17.6%"
"            Less than 20 percent","57,089","7.9%","1,953","2.0%","51,529","4.7%","39,378","9.8%","53,155","1.1%","22,709","2.2%","4,430","0.7%","6,049","3.5%","384","0.4%","127,208","4.3%","82,058","5.2%","1,538","0.9%","19,857","6.6%","79,570","4.0%","116,271","9.9%","42,141","7.7%","28,257","6.4%","57,776","8.7%","35,692","6.0%","15,015","6.0%","17,241","1.6%","9,952","0.9%","114,760","6.8%","40,029","3.8%","32,146","8.8%","74,835","7.5%","8,236","4.9%","14,762","4.9%","16,890","3.9%","3,277","1.3%","9,333","0.7%","16,698","5.8%","67,395","2.8%","117,039","7.0%","5,217","5.0%","151,195","7.8%","41,074","7.7%","17,750","2.6%","106,742","5.2%","2,574","1.5%","57,302","7.1%","8,650","6.5%","77,540","7.5%","112,736","3.3%","14,441","2.9%","4,093","3.6%","48,652","3.4%","22,591","1.8%","28,077","11.3%","55,872","5.6%","5,353","5.4%","32,678","10.6%"
"            20 to 29 percent","56,295","7.8%","5,879","5.9%","84,082","7.7%","32,112","8.0%","149,681","3.0%","56,984","5.5%","23,648","4.0%","13,965","8.1%","1,928","2.1%","207,371","7.0%","124,746","7.9%","3,888","2.2%","26,395","8.8%","114,293","5.7%","92,419","7.9%","45,617","8.4%","37,793","8.6%","58,168","8.7%","44,783","7.5%","21,317","8.5%","43,088","4.0%","37,258","3.3%","135,737","8.1%","73,496","7.1%","27,797","7.6%","84,982","8.6%","13,402","8.0%","26,664","8.8%","32,862","7.5%","9,529","3.8%","34,458","2.5%","26,915","9.4%","93,423","3.9%","125,170","7.5%","8,552","8.3%","153,561","7.9%","45,326","8.5%","44,003","6.4%","143,662","6.9%","9,489","5.7%","61,775","7.7%","12,441","9.3%","81,976","8.0%","226,443","6.5%","42,680","8.4%","9,436","8.2%","72,047","5.0%","59,660","4.8%","18,099","7.3%","81,461","8.1%","8,115","8.2%","15,852","5.1%"
"            30 percent or more","23,849","3.3%","8,337","8.4%","57,674","5.3%","10,089","2.5%","424,715","8.5%","74,822","7.2%","51,524","8.7%","10,850","6.3%","4,889","5.3%","206,546","7.0%","82,232","5.2%","17,895","9.9%","14,545","4.8%","120,149","6.0%","30,864","2.6%","18,643","3.4%","20,078","4.6%","21,544","3.2%","23,150","3.9%","12,883","5.1%","72,799","6.8%","81,187","7.2%","63,189","3.7%","58,173","5.6%","13,559","3.7%","34,462","3.5%","13,053","7.8%","13,760","4.5%","32,784","7.5%","23,621","9.5%","116,214","8.5%","13,781","4.8%","160,965","6.8%","66,436","4.0%","3,837","3.7%","68,252","3.5%","16,184","3.0%","53,239","7.8%","105,919","5.1%","13,688","8.2%","30,890","3.8%","7,424","5.6%","37,993","3.7%","218,205","6.3%","35,740","7.1%","7,220","6.3%","80,313","5.6%","100,775","8.0%","5,003","2.0%","47,294","4.7%","6,211","6.3%","5,892","1.9%"
"        $75,000 or more","386,359","53.5%","68,982","69.5%","647,097","59.5%","203,436","50.4%","3,613,855","72.6%","715,801","68.7%","428,540","72.3%","109,968","63.4%","76,140","82.3%","1,655,737","56.2%","953,160","60.1%","132,809","73.7%","169,426","56.2%","1,321,357","65.9%","645,568","55.0%","325,759","59.9%","272,971","62.3%","358,280","53.7%","341,227","57.0%","143,719","57.4%","800,323","74.8%","862,222","76.7%","972,935","57.7%","710,858","68.3%","176,929","48.6%","571,512","57.5%","93,423","56.0%","194,171","63.8%","264,551","60.6%","179,626","72.0%","1,039,508","76.1%","145,778","51.0%","1,687,251","71.1%","964,769","57.8%","70,742","68.4%","1,137,624","58.6%","304,651","57.1%","441,498","64.4%","1,307,866","63.2%","114,623","68.8%","451,899","56.1%","78,635","58.9%","577,142","56.1%","2,274,680","65.6%","336,817","66.5%","70,860","61.7%","992,123","69.4%","887,766","70.9%","124,325","50.2%","630,462","62.7%","60,612","61.1%","61,116","19.8%"
"            Less than 20 percent","321,119","44.5%","41,383","41.7%","455,819","41.9%","171,711","42.6%","1,675,852","33.7%","439,607","42.2%","244,377","41.2%","77,837","44.9%","42,477","45.9%","1,069,016","36.3%","697,486","44.0%","56,470","31.3%","123,563","41.0%","857,240","42.8%","545,516","46.4%","252,842","46.5%","204,624","46.7%","292,260","43.8%","269,797","45.1%","102,118","40.8%","475,696","44.4%","472,401","42.0%","757,668","45.0%","504,254","48.4%","142,885","39.3%","448,963","45.2%","62,669","37.5%","142,685","46.9%","172,888","39.6%","103,434","41.5%","512,649","37.5%","112,019","39.2%","955,510","40.2%","742,771","44.5%","53,524","51.8%","911,927","47.0%","240,253","45.1%","264,905","38.7%","937,360","45.3%","65,500","39.3%","356,123","44.2%","58,113","43.6%","446,133","43.4%","1,485,959","42.9%","224,182","44.2%","44,257","38.5%","629,233","44.0%","495,233","39.5%","109,482","44.2%","463,592","46.1%","45,176","45.5%","50,021","16.2%"
"            20 to 29 percent","55,989","7.8%","21,098","21.2%","155,578","14.3%","26,436","6.6%","1,182,267","23.7%","203,288","19.5%","130,750","22.0%","25,468","14.7%","22,986","24.8%","439,794","14.9%","211,336","13.3%","42,781","23.7%","38,488","12.8%","351,900","17.6%","85,380","7.3%","62,177","11.4%","56,601","12.9%","54,384","8.1%","58,407","9.8%","33,603","13.4%","235,602","22.0%","267,070","23.7%","178,900","10.6%","170,757","16.4%","28,576","7.9%","103,286","10.4%","24,669","14.8%","43,881","14.4%","74,276","17.0%","57,108","22.9%","353,433","25.9%","29,046","10.2%","443,744","18.7%","180,380","10.8%","14,483","14.0%","189,666","9.8%","53,414","10.0%","138,905","20.3%","295,848","14.3%","37,666","22.6%","78,581","9.8%","16,758","12.6%","107,671","10.5%","599,686","17.3%","88,526","17.5%","21,974","19.1%","275,449","19.3%","289,325","23.1%","12,682","5.1%","138,247","13.7%","12,261","12.4%","8,438","2.7%"
"            30 percent or more","9,251","1.3%","6,501","6.5%","35,700","3.3%","5,289","1.3%","755,736","15.2%","72,906","7.0%","53,413","9.0%","6,663","3.8%","10,677","11.5%","146,927","5.0%","44,338","2.8%","33,558","18.6%","7,375","2.4%","112,217","5.6%","14,672","1.2%","10,740","2.0%","11,746","2.7%","11,636","1.7%","13,023","2.2%","7,998","3.2%","89,025","8.3%","122,751","10.9%","36,367","2.2%","35,847","3.4%","5,468","1.5%","19,263","1.9%","6,085","3.6%","7,605","2.5%","17,387","4.0%","19,084","7.7%","173,426","12.7%","4,713","1.6%","287,997","12.1%","41,618","2.5%","2,735","2.6%","36,031","1.9%","10,984","2.1%","37,688","5.5%","74,658","3.6%","11,457","6.9%","17,195","2.1%","3,764","2.8%","23,338","2.3%","189,035","5.5%","24,109","4.8%","4,629","4.0%","87,441","6.1%","103,208","8.2%","2,161","0.9%","28,623","2.8%","3,175","3.2%","2,657","0.9%"
"        Zero or negative income","4,942","0.7%","160","0.2%","6,119","0.6%","1,250","0.3%","22,419","0.5%","4,411","0.4%","2,944","0.5%","291","0.2%","524","0.6%","17,164","0.6%","10,582","0.7%","485","0.3%","1,108","0.4%","7,516","0.4%","5,667","0.5%","994","0.2%","1,076","0.2%","1,864","0.3%","4,896","0.8%","600","0.2%","4,772","0.4%","3,082","0.3%","5,340","0.3%","1,892","0.2%","2,514","0.7%","3,110","0.3%","720","0.4%","701","0.2%","2,637","0.6%","917","0.4%","3,790","0.3%","2,250","0.8%","8,991","0.4%","8,950","0.5%","298","0.3%","6,491","0.3%","2,029","0.4%","2,587","0.4%","8,146","0.4%","496","0.3%","4,829","0.6%","107","0.1%","3,217","0.3%","12,041","0.3%","1,787","0.4%","611","0.5%","4,924","0.3%","4,388","0.4%","1,412","0.6%","2,121","0.2%","525","0.5%","5,407","1.8%"
"    REAL ESTATE TAXES","","","","","","","","","","","","","","","","","","","","","","","","","","","","","","","","","","","","","","","","","","","","","","","","","","","","","","","","","","","","","","","","","","","","","","","","","","","","","","","","","","","","","","","","","","","","","","","","","","","","","","","",""
"        Less than $800","363,424","50.3%","5,398","5.4%","152,318","14.0%","157,761","39.1%","142,043","2.9%","107,343","10.3%","7,000","1.2%","28,681","16.5%","6,156","6.7%","351,318","11.9%","206,603","13.0%","30,641","17.0%","31,572","10.5%","75,467","3.8%","307,908","26.2%","37,091","6.8%","30,810","7.0%","133,970","20.1%","194,266","32.5%","12,237","4.9%","25,733","2.4%","19,493","1.7%","78,556","4.7%","64,150","6.2%","93,037","25.6%","167,118","16.8%","13,248","7.9%","15,476","5.1%","60,111","13.8%","3,425","1.4%","10,130","0.7%","52,136","18.3%","48,947","2.1%","243,827","14.6%","10,395","10.1%","150,312","7.7%","108,155","20.3%","17,419","2.5%","139,661","6.7%","2,432","1.5%","238,106","29.6%","8,872","6.7%","250,161","24.3%","197,768","5.7%","20,764","4.1%","1,325","1.2%","147,766","10.3%","46,300","3.7%","106,839","43.1%","18,947","1.9%","15,667","15.8%","34,917","11.3%"
"        $800 to $1,499","163,679","22.7%","6,687","6.7%","323,000","29.7%","115,639","28.7%","355,193","7.1%","227,142","21.8%","11,133","1.9%","49,521","28.6%","9,072","9.8%","580,547","19.7%","336,380","21.2%","37,861","21.0%","93,182","30.9%","133,251","6.6%","349,348","29.7%","92,879","17.1%","78,454","17.9%","204,337","30.6%","128,609","21.5%","35,991","14.4%","64,144","6.0%","38,595","3.4%","270,437","16.0%","139,997","13.4%","97,168","26.7%","259,743","26.1%","28,142","16.9%","35,802","11.8%","117,754","27.0%","4,773","1.9%","10,241","0.7%","74,932","26.2%","102,282","4.3%","486,338","29.1%","17,730","17.2%","371,906","19.2%","141,655","26.6%","58,961","8.6%","282,176","13.6%","5,367","3.2%","279,617","34.7%","22,347","16.8%","332,155","32.3%","273,239","7.9%","127,387","25.1%","3,956","3.4%","251,790","17.6%","89,608","7.2%","81,854","33.0%","70,922","7.1%","39,682","40.0%","11,942","3.9%"
"        $1,500 or more","114,581","15.9%","77,631","78.2%","583,527","53.7%","109,541","27.1%","4,414,716","88.7%","692,556","66.4%","570,070","96.1%","90,999","52.5%","75,699","81.8%","1,928,566","65.4%","1,005,158","63.4%","104,721","58.1%","169,743","56.3%","1,768,522","88.2%","493,621","42.0%","406,234","74.7%","323,806","73.9%","306,961","46.0%","195,194","32.6%","200,713","80.1%","961,527","89.8%","1,053,399","93.6%","1,281,108","76.0%","823,659","79.1%","125,097","34.4%","551,322","55.5%","122,385","73.3%","245,718","80.8%","247,088","56.6%","239,690","96.1%","1,324,299","96.9%","144,972","50.7%","2,130,262","89.7%","918,791","55.0%","73,086","70.7%","1,392,150","71.8%","258,704","48.5%","601,571","87.8%","1,626,369","78.6%","156,640","94.0%","266,826","33.1%","98,809","74.1%","421,906","41.0%","2,883,107","83.2%","346,798","68.4%","108,621","94.6%","996,916","69.7%","1,094,438","87.4%","51,061","20.6%","907,611","90.2%","41,370","41.7%","11,166","3.6%"
"        No real estate taxes paid","80,312","11.1%","9,577","9.6%","28,231","2.6%","20,610","5.1%","67,037","1.3%","15,338","1.5%","4,806","0.8%","4,124","2.4%","1,604","1.7%","87,654","3.0%","37,225","2.3%","7,081","3.9%","7,127","2.4%","27,069","1.4%","23,694","2.0%","7,577","1.4%","5,335","1.2%","22,076","3.3%","80,106","13.4%","1,510","0.6%","19,204","1.8%","13,371","1.2%","55,180","3.3%","13,366","1.3%","48,635","13.4%","15,488","1.6%","3,165","1.9%","7,245","2.4%","11,368","2.6%","1,561","0.6%","21,611","1.6%","13,634","4.8%","92,971","3.9%","21,450","1.3%","2,144","2.1%","25,832","1.3%","24,631","4.6%","7,246","1.1%","21,365","1.0%","2,131","1.3%","20,432","2.5%","3,367","2.5%","24,016","2.3%","110,834","3.2%","11,741","2.3%","951","0.8%","32,872","2.3%","22,549","1.8%","8,041","3.2%","8,257","0.8%","2,474","2.5%","250,349","81.2%"
"        Median (dollars)","705","705","3,553","3,553","1,655","1,655","992","992","4,687","4,687","2,052","2,052","6,096","6,096","1,619","1,619","3,734","3,734","2,272","2,272","2,059","2,059","1,865","1,865","1,703","1,703","4,990","4,990","1,335","1,335","2,593","2,593","2,453","2,453","1,447","1,447","1,143","1,143","2,748","2,748","3,613","3,613","4,955","4,955","2,644","2,644","2,765","2,765","1,261","1,261","1,727","1,727","2,272","2,272","3,076","3,076","1,764","1,764","5,967","5,967","8,553","8,553","1,613","1,613","6,073","6,073","1,674","1,674","2,300","2,300","2,526","2,526","1,528","1,528","3,306","3,306","3,229","3,229","4,378","4,378","1,165","1,165","2,461","2,461","1,327","1,327","4,320","4,320","1,920","1,920","4,487","4,487","2,568","2,568","3,702","3,702","882","882","3,418","3,418","1,390","1,390","643","643"